"scenario_id","truth_class","n","design_layer","analysis_conclusion","status","overall_score","fragility_component","bootstrap_reproducibility","jackknife_stability"
"lm_ancova_v2_core_n160_r2_10_borderline","borderline",160,"core","significant","completed",37.1020408163265,10.2040816326531,64,100
"lm_ancova_v2_core_n160_r2_10_borderline","borderline",160,"core","significant","completed",27.0204081632653,2.04081632653061,52,66.25
"lm_ancova_v2_core_n160_r2_10_borderline","borderline",160,"core","significant","completed",34.0816326530612,8.16326530612245,60,100
"lm_ancova_v2_core_n160_r2_10_borderline","borderline",160,"core","significant","completed",36.0816326530612,8.16326530612245,64,100
"lm_ancova_v2_core_n160_r2_10_borderline","borderline",160,"core","significant","completed",41.0612244897959,6.12244897959184,76,100
"lm_ancova_v2_core_n160_r2_10_borderline","borderline",160,"core","significant","completed",59.2244897959184,22.4489795918367,96,100
"lm_ancova_v2_core_n160_r2_10_borderline","borderline",160,"core","significant","completed",26.0204081632653,2.04081632653061,50,99.375
"lm_ancova_v2_core_n160_r2_10_borderline","borderline",160,"core","significant","completed",41.0816326530612,8.16326530612245,74,100
"lm_ancova_v2_core_n160_r2_10_borderline","borderline",160,"core","significant","completed",52.1632653061224,16.3265306122449,88,100
"lm_ancova_v2_core_n160_r2_10_borderline","borderline",160,"core","significant","completed",35.0408163265306,4.08163265306122,66,100
"lm_ancova_v2_core_n160_r2_10_borderline","borderline",160,"core","significant","completed",43.0816326530612,8.16326530612245,78,100
"lm_ancova_v2_core_n160_r2_10_borderline","borderline",160,"core","significant","completed",55.1836734693878,18.3673469387755,92,100
"lm_ancova_v2_core_n160_r2_10_borderline","borderline",160,"core","significant","completed",32.0612244897959,6.12244897959184,58,100
"lm_ancova_v2_core_n160_r2_10_borderline","borderline",160,"core","significant","completed",57.2244897959184,22.4489795918367,92,100
"lm_ancova_v2_core_n160_r2_10_borderline","borderline",160,"core","significant","completed",60.2448979591837,24.4897959183673,96,100
"lm_ancova_v2_core_n160_r2_10_borderline","borderline",160,"core","significant","completed",39.0612244897959,6.12244897959184,72,100
"lm_ancova_v2_core_n160_r2_10_borderline","borderline",160,"core","significant","completed",51.1836734693878,18.3673469387755,84,100
"lm_ancova_v2_core_n160_r2_10_borderline","borderline",160,"core","significant","completed",34.0816326530612,8.16326530612245,60,100
"lm_ancova_v2_core_n160_r2_10_borderline","borderline",160,"core","significant","completed",28.0204081632653,2.04081632653061,54,83.75
"lm_ancova_v2_core_n160_r2_10_borderline","borderline",160,"core","significant","completed",35.0816326530612,8.16326530612245,62,100
"lm_ancova_v2_core_n160_r2_10_borderline","borderline",160,"core","significant","completed",21.0204081632653,2.04081632653061,40,95
"lm_ancova_v2_core_n160_r2_10_borderline","borderline",160,"core","significant","completed",28.0204081632653,2.04081632653061,54,79.375
"lm_ancova_v2_core_n160_r2_10_borderline","borderline",160,"core","significant","completed",65.3061224489796,30.6122448979592,100,100
"lm_ancova_v2_core_n160_r2_10_borderline","borderline",160,"core","significant","completed",39.0612244897959,6.12244897959184,72,100
"lm_ancova_v2_core_n160_r2_10_borderline","borderline",160,"core","significant","completed",50.1428571428571,14.2857142857143,86,100
"lm_ancova_v2_core_n160_r2_10_borderline","borderline",160,"core","significant","completed",29.0408163265306,4.08163265306122,54,100
"lm_ancova_v2_core_n160_r2_10_borderline","borderline",160,"core","significant","completed",54.1836734693878,18.3673469387755,90,100
"lm_ancova_v2_core_n160_r2_10_borderline","borderline",160,"core","significant","completed",39.0816326530612,8.16326530612245,70,100
"lm_ancova_v2_core_n160_r2_10_borderline","borderline",160,"core","significant","completed",29.0204081632653,2.04081632653061,56,68.75
"lm_ancova_v2_core_n160_r2_10_borderline","borderline",160,"core","significant","completed",39.0816326530612,8.16326530612245,70,100
"lm_ancova_v2_core_n160_r2_10_borderline","borderline",160,"core","significant","completed",31.0408163265306,4.08163265306122,58,100
"lm_ancova_v2_core_n160_r2_10_borderline","borderline",160,"core","significant","completed",66.3265306122449,32.6530612244898,100,100
"lm_ancova_v2_core_n160_r2_10_borderline","borderline",160,"core","significant","completed",51.1632653061224,16.3265306122449,86,100
"lm_ancova_v2_core_n160_r2_10_borderline","borderline",160,"core","significant","completed",35.0612244897959,6.12244897959184,64,100
"lm_ancova_v2_core_n160_r2_10_borderline","borderline",160,"core","significant","completed",53.1836734693878,18.3673469387755,88,100
"lm_ancova_v2_core_n160_r2_10_borderline","borderline",160,"core","significant","completed",30.0408163265306,4.08163265306122,56,100
"lm_ancova_v2_core_n160_r2_10_borderline","borderline",160,"core","significant","completed",68.3877551020408,38.7755102040816,98,100
"lm_ancova_v2_core_n160_r2_10_borderline","borderline",160,"core","significant","completed",46.1428571428571,14.2857142857143,78,100
"lm_ancova_v2_core_n160_r2_10_borderline","borderline",160,"core","significant","completed",49.1020408163265,10.2040816326531,88,100
"lm_ancova_v2_core_n160_r2_10_borderline","borderline",160,"core","significant","completed",49.1428571428571,14.2857142857143,84,100
"lm_ancova_v2_core_n160_r2_10_borderline","borderline",160,"core","significant","completed",57.2040816326531,20.4081632653061,94,100
"lm_ancova_v2_core_n160_r2_10_borderline","borderline",160,"core","significant","completed",48.1428571428571,14.2857142857143,82,100
"lm_ancova_v2_core_n160_r2_10_borderline","borderline",160,"core","significant","completed",23.0204081632653,2.04081632653061,44,93.75
"lm_ancova_v2_core_n160_r2_10_borderline","borderline",160,"core","significant","completed",28.0204081632653,2.04081632653061,54,93.75
"lm_ancova_v2_core_n160_r2_10_borderline","borderline",160,"core","significant","completed",55.1836734693878,18.3673469387755,92,100
"lm_ancova_v2_core_n160_r2_10_borderline","borderline",160,"core","significant","completed",62.2448979591837,24.4897959183673,100,100
"lm_ancova_v2_core_n160_r2_10_borderline","borderline",160,"core","significant","completed",57.2040816326531,20.4081632653061,94,100
"lm_ancova_v2_core_n160_r2_10_borderline","borderline",160,"core","significant","completed",21.0204081632653,2.04081632653061,40,41.875
"lm_ancova_v2_core_n160_r2_10_borderline","borderline",160,"core","significant","completed",50.1632653061224,16.3265306122449,84,100
"lm_ancova_v2_core_n160_r2_10_borderline","borderline",160,"core","significant","completed",64.3061224489796,30.6122448979592,98,100
"lm_ancova_v2_core_n160_r2_10_borderline","borderline",160,"core","significant","completed",59.2448979591837,24.4897959183673,94,100
"lm_ancova_v2_core_n160_r2_10_borderline","borderline",160,"core","significant","completed",49.1020408163265,10.2040816326531,88,100
"lm_ancova_v2_core_n160_r2_10_borderline","borderline",160,"core","significant","completed",57.2244897959184,22.4489795918367,92,100
"lm_ancova_v2_core_n160_r2_10_borderline","borderline",160,"core","significant","completed",65.3469387755102,34.6938775510204,96,100
"lm_ancova_v2_core_n160_r2_10_borderline","borderline",160,"core","significant","completed",30.0408163265306,4.08163265306122,56,100
"lm_ancova_v2_core_n160_r2_10_borderline","borderline",160,"core","significant","completed",65.3061224489796,30.6122448979592,100,100
"lm_ancova_v2_core_n160_r2_10_borderline","borderline",160,"core","significant","completed",44.1020408163265,10.2040816326531,78,100
"lm_ancova_v2_core_n160_r2_10_borderline","borderline",160,"core","significant","completed",57.2448979591837,24.4897959183673,90,100
"lm_ancova_v2_core_n160_r2_10_borderline","borderline",160,"core","significant","completed",31.0408163265306,4.08163265306122,58,100
"lm_ancova_v2_core_n160_r2_10_borderline","borderline",160,"core","significant","completed",55.2040816326531,20.4081632653061,90,100
"lm_ancova_v2_core_n160_r2_10_borderline","borderline",160,"core","significant","completed",28.0612244897959,6.12244897959184,50,100
"lm_ancova_v2_core_n160_r2_10_borderline","borderline",160,"core","significant","completed",55.2040816326531,20.4081632653061,90,100
"lm_ancova_v2_core_n160_r2_10_borderline","borderline",160,"core","significant","completed",35.0408163265306,4.08163265306122,66,100
"lm_ancova_v2_core_n160_r2_10_borderline","borderline",160,"core","significant","completed",45.1224489795918,12.2448979591837,78,100
"lm_ancova_v2_core_n160_r2_10_borderline","borderline",160,"core","significant","completed",25.0204081632653,2.04081632653061,48,55.625
"lm_ancova_v2_core_n160_r2_10_borderline","borderline",160,"core","significant","completed",41.0408163265306,4.08163265306122,78,100
"lm_ancova_v2_core_n160_r2_10_borderline","borderline",160,"core","significant","completed",62.2857142857143,28.5714285714286,96,100
"lm_ancova_v2_core_n160_r2_10_borderline","borderline",160,"core","significant","completed",43.0612244897959,6.12244897959184,80,100
"lm_ancova_v2_core_n160_r2_10_borderline","borderline",160,"core","significant","completed",27.0204081632653,2.04081632653061,52,90.625
"lm_ancova_v2_core_n160_r2_10_borderline","borderline",160,"core","significant","completed",34.0612244897959,6.12244897959184,62,100
"lm_ancova_v2_core_n160_r2_10_borderline","borderline",160,"core","significant","completed",22.0204081632653,2.04081632653061,42,81.25
"lm_ancova_v2_core_n160_r2_10_borderline","borderline",160,"core","significant","completed",64.2857142857143,28.5714285714286,100,100
"lm_ancova_v2_core_n160_r2_10_borderline","borderline",160,"core","significant","completed",37.0408163265306,4.08163265306122,70,100
"lm_ancova_v2_core_n160_r2_10_borderline","borderline",160,"core","significant","completed",30.0204081632653,2.04081632653061,58,78.75
"lm_ancova_v2_core_n160_r2_10_borderline","borderline",160,"core","significant","completed",32.0612244897959,6.12244897959184,58,100
"lm_ancova_v2_core_n160_r2_10_borderline","borderline",160,"core","significant","completed",51.1632653061224,16.3265306122449,86,100
"lm_ancova_v2_core_n160_r2_10_borderline","borderline",160,"core","significant","completed",33.0408163265306,4.08163265306122,62,100
"lm_ancova_v2_core_n160_r2_10_borderline","borderline",160,"core","significant","completed",33.0408163265306,4.08163265306122,62,100
"lm_ancova_v2_core_n160_r2_10_borderline","borderline",160,"core","significant","completed",58.2244897959184,22.4489795918367,94,100
"lm_ancova_v2_core_n160_r2_10_borderline","borderline",160,"core","significant","completed",63.2857142857143,28.5714285714286,98,100
"lm_ancova_v2_core_n160_r2_10_borderline","borderline",160,"core","significant","completed",32.0204081632653,2.04081632653061,62,88.75
"lm_ancova_v2_core_n160_r2_10_borderline","borderline",160,"core","significant","completed",36.0612244897959,6.12244897959184,66,100
"lm_ancova_v2_core_n160_r2_10_borderline","borderline",160,"core","significant","completed",58.2244897959184,22.4489795918367,94,100
"lm_ancova_v2_core_n160_r2_10_borderline","borderline",160,"core","significant","completed",34.0408163265306,4.08163265306122,64,100
"lm_ancova_v2_core_n160_r2_10_borderline","borderline",160,"core","significant","completed",24.0204081632653,2.04081632653061,46,73.75
"lm_ancova_v2_core_n160_r2_10_borderline","borderline",160,"core","significant","completed",38.0612244897959,6.12244897959184,70,100
"lm_ancova_v2_core_n160_r2_10_borderline","borderline",160,"core","significant","completed",40.0612244897959,6.12244897959184,74,100
"lm_ancova_v2_core_n160_r2_10_borderline","borderline",160,"core","significant","completed",58.265306122449,26.530612244898,90,100
"lm_ancova_v2_core_n160_r2_10_borderline","borderline",160,"core","significant","completed",40.1020408163265,10.2040816326531,70,100
"lm_ancova_v2_core_n160_r2_10_borderline","borderline",160,"core","significant","completed",36.0612244897959,6.12244897959184,66,100
"lm_ancova_v2_core_n160_r2_10_borderline","borderline",160,"core","significant","completed",45.0816326530612,8.16326530612245,82,100
"lm_ancova_v2_core_n160_r2_10_borderline","borderline",160,"core","significant","completed",35.0612244897959,6.12244897959184,64,100
"lm_ancova_v2_core_n160_r2_10_borderline","borderline",160,"core","significant","completed",29.0204081632653,2.04081632653061,56,95
"lm_ancova_v2_core_n160_r2_10_borderline","borderline",160,"core","significant","completed",49.1428571428571,14.2857142857143,84,100
"lm_ancova_v2_core_n160_r2_10_borderline","borderline",160,"core","significant","completed",25.0204081632653,2.04081632653061,48,68.75
"lm_ancova_v2_core_n160_r2_10_borderline","borderline",160,"core","significant","completed",37.0612244897959,6.12244897959184,68,100
"lm_ancova_v2_core_n160_r2_10_borderline","borderline",160,"core","significant","completed",52.1428571428571,14.2857142857143,90,100
"lm_ancova_v2_core_n160_r2_10_borderline","borderline",160,"core","significant","completed",40.1020408163265,10.2040816326531,70,100
"lm_ancova_v2_core_n160_r2_10_borderline","borderline",160,"core","significant","completed",41.0612244897959,6.12244897959184,76,100
"lm_ancova_v2_core_n160_r2_10_borderline","borderline",160,"core","significant","completed",37.0612244897959,6.12244897959184,68,100
"lm_ancova_v2_core_n160_r2_10_clear","clear",160,"core","significant","completed",38.0408163265306,4.08163265306122,72,100
"lm_ancova_v2_core_n160_r2_10_clear","clear",160,"core","significant","completed",53.1632653061224,16.3265306122449,90,100
"lm_ancova_v2_core_n160_r2_10_clear","clear",160,"core","significant","completed",51.1428571428571,14.2857142857143,88,100
"lm_ancova_v2_core_n160_r2_10_clear","clear",160,"core","significant","completed",65.3265306122449,32.6530612244898,98,100
"lm_ancova_v2_core_n160_r2_10_clear","clear",160,"core","significant","completed",71.4489795918367,44.8979591836735,98,100
"lm_ancova_v2_core_n160_r2_10_clear","clear",160,"core","significant","completed",54.1632653061224,16.3265306122449,92,100
"lm_ancova_v2_core_n160_r2_10_clear","clear",160,"core","significant","completed",52.1632653061224,16.3265306122449,88,100
"lm_ancova_v2_core_n160_r2_10_clear","clear",160,"core","significant","completed",59.2040816326531,20.4081632653061,98,100
"lm_ancova_v2_core_n160_r2_10_clear","clear",160,"core","significant","completed",65.3061224489796,30.6122448979592,100,100
"lm_ancova_v2_core_n160_r2_10_clear","clear",160,"core","significant","completed",44.1020408163265,10.2040816326531,78,100
"lm_ancova_v2_core_n160_r2_10_clear","clear",160,"core","significant","completed",42.0816326530612,8.16326530612245,76,100
"lm_ancova_v2_core_n160_r2_10_clear","clear",160,"core","significant","completed",32.0408163265306,4.08163265306122,60,100
"lm_ancova_v2_core_n160_r2_10_clear","clear",160,"core","significant","completed",44.0816326530612,8.16326530612245,80,100
"lm_ancova_v2_core_n160_r2_10_clear","clear",160,"core","significant","completed",57.2244897959184,22.4489795918367,92,100
"lm_ancova_v2_core_n160_r2_10_clear","clear",160,"core","significant","completed",58.2448979591837,24.4897959183673,92,100
"lm_ancova_v2_core_n160_r2_10_clear","clear",160,"core","significant","completed",56.2040816326531,20.4081632653061,92,100
"lm_ancova_v2_core_n160_r2_10_clear","clear",160,"core","significant","completed",62.2857142857143,28.5714285714286,96,100
"lm_ancova_v2_core_n160_r2_10_clear","clear",160,"core","significant","completed",58.2040816326531,20.4081632653061,96,100
"lm_ancova_v2_core_n160_r2_10_clear","clear",160,"core","significant","completed",63.265306122449,26.530612244898,100,100
"lm_ancova_v2_core_n160_r2_10_clear","clear",160,"core","significant","completed",68.3673469387755,36.734693877551,100,100
"lm_ancova_v2_core_n160_r2_10_clear","clear",160,"core","significant","completed",65.3265306122449,32.6530612244898,98,100
"lm_ancova_v2_core_n160_r2_10_clear","clear",160,"core","significant","completed",54.1632653061224,16.3265306122449,92,100
"lm_ancova_v2_core_n160_r2_10_clear","clear",160,"core","significant","completed",68.3673469387755,36.734693877551,100,100
"lm_ancova_v2_core_n160_r2_10_clear","clear",160,"core","significant","completed",66.3265306122449,32.6530612244898,100,100
"lm_ancova_v2_core_n160_r2_10_clear","clear",160,"core","significant","completed",64.2857142857143,28.5714285714286,100,100
"lm_ancova_v2_core_n160_r2_10_clear","clear",160,"core","significant","completed",44.1224489795918,12.2448979591837,76,100
"lm_ancova_v2_core_n160_r2_10_clear","clear",160,"core","significant","completed",30.0408163265306,4.08163265306122,56,100
"lm_ancova_v2_core_n160_r2_10_clear","clear",160,"core","significant","completed",69.3877551020408,38.7755102040816,100,100
"lm_ancova_v2_core_n160_r2_10_clear","clear",160,"core","significant","completed",44.0816326530612,8.16326530612245,80,100
"lm_ancova_v2_core_n160_r2_10_clear","clear",160,"core","significant","completed",38.0816326530612,8.16326530612245,68,100
"lm_ancova_v2_core_n160_r2_10_clear","clear",160,"core","significant","completed",25.0204081632653,2.04081632653061,48,98.75
"lm_ancova_v2_core_n160_r2_10_clear","clear",160,"core","significant","completed",49.1428571428571,14.2857142857143,84,100
"lm_ancova_v2_core_n160_r2_10_clear","clear",160,"core","significant","completed",43.0612244897959,6.12244897959184,80,100
"lm_ancova_v2_core_n160_r2_10_clear","clear",160,"core","significant","completed",62.2857142857143,28.5714285714286,96,100
"lm_ancova_v2_core_n160_r2_10_clear","clear",160,"core","significant","completed",49.1428571428571,14.2857142857143,84,100
"lm_ancova_v2_core_n160_r2_10_clear","clear",160,"core","significant","completed",65.3061224489796,30.6122448979592,100,100
"lm_ancova_v2_core_n160_r2_10_clear","clear",160,"core","significant","completed",34.0408163265306,4.08163265306122,64,100
"lm_ancova_v2_core_n160_r2_10_clear","clear",160,"core","significant","completed",27.0204081632653,2.04081632653061,52,49.375
"lm_ancova_v2_core_n160_r2_10_clear","clear",160,"core","significant","completed",48.1224489795918,12.2448979591837,84,100
"lm_ancova_v2_core_n160_r2_10_clear","clear",160,"core","significant","completed",57.2244897959184,22.4489795918367,92,100
"lm_ancova_v2_core_n160_r2_10_clear","clear",160,"core","significant","completed",55.1632653061224,16.3265306122449,94,100
"lm_ancova_v2_core_n160_r2_10_clear","clear",160,"core","significant","completed",53.1836734693878,18.3673469387755,88,100
"lm_ancova_v2_core_n160_r2_10_clear","clear",160,"core","significant","completed",56.1836734693878,18.3673469387755,94,100
"lm_ancova_v2_core_n160_r2_10_clear","clear",160,"core","significant","completed",40.0816326530612,8.16326530612245,72,100
"lm_ancova_v2_core_n160_r2_10_clear","clear",160,"core","significant","completed",51.1428571428571,14.2857142857143,88,100
"lm_ancova_v2_core_n160_r2_10_clear","clear",160,"core","significant","completed",57.2244897959184,22.4489795918367,92,100
"lm_ancova_v2_core_n160_r2_10_clear","clear",160,"core","significant","completed",73.469387755102,46.9387755102041,100,100
"lm_ancova_v2_core_n160_r2_10_clear","clear",160,"core","significant","completed",63.265306122449,26.530612244898,100,100
"lm_ancova_v2_core_n160_r2_10_clear","clear",160,"core","significant","completed",63.2857142857143,28.5714285714286,98,100
"lm_ancova_v2_core_n160_r2_10_clear","clear",160,"core","significant","completed",49.1428571428571,14.2857142857143,84,100
"lm_ancova_v2_core_n160_r2_10_clear","clear",160,"core","significant","completed",53.1836734693878,18.3673469387755,88,100
"lm_ancova_v2_core_n160_r2_10_clear","clear",160,"core","significant","completed",68.3877551020408,38.7755102040816,98,100
"lm_ancova_v2_core_n160_r2_10_clear","clear",160,"core","significant","completed",58.2448979591837,24.4897959183673,92,100
"lm_ancova_v2_core_n160_r2_10_clear","clear",160,"core","significant","completed",59.2040816326531,20.4081632653061,98,100
"lm_ancova_v2_core_n160_r2_10_clear","clear",160,"core","significant","completed",41.1020408163265,10.2040816326531,72,100
"lm_ancova_v2_core_n160_r2_10_clear","clear",160,"core","significant","completed",60.2448979591837,24.4897959183673,96,100
"lm_ancova_v2_core_n160_r2_10_clear","clear",160,"core","significant","completed",60.2244897959184,22.4489795918367,98,100
"lm_ancova_v2_core_n160_r2_10_clear","clear",160,"core","significant","completed",67.3469387755102,34.6938775510204,100,100
"lm_ancova_v2_core_n160_r2_10_clear","clear",160,"core","significant","completed",34.0612244897959,6.12244897959184,62,100
"lm_ancova_v2_core_n160_r2_10_clear","clear",160,"core","significant","completed",68.3673469387755,36.734693877551,100,100
"lm_ancova_v2_core_n160_r2_10_clear","clear",160,"core","significant","completed",52.1632653061224,16.3265306122449,88,100
"lm_ancova_v2_core_n160_r2_10_clear","clear",160,"core","significant","completed",66.3265306122449,32.6530612244898,100,100
"lm_ancova_v2_core_n160_r2_10_clear","clear",160,"core","significant","completed",63.3061224489796,30.6122448979592,96,100
"lm_ancova_v2_core_n160_r2_10_clear","clear",160,"core","significant","completed",41.1020408163265,10.2040816326531,72,100
"lm_ancova_v2_core_n160_r2_10_clear","clear",160,"core","significant","completed",61.2857142857143,28.5714285714286,94,100
"lm_ancova_v2_core_n160_r2_10_clear","clear",160,"core","significant","completed",55.2244897959184,22.4489795918367,88,100
"lm_ancova_v2_core_n160_r2_10_clear","clear",160,"core","significant","completed",76.530612244898,53.0612244897959,100,100
"lm_ancova_v2_core_n160_r2_10_clear","clear",160,"core","significant","completed",33.0408163265306,4.08163265306122,62,100
"lm_ancova_v2_core_n160_r2_10_clear","clear",160,"core","significant","completed",56.2040816326531,20.4081632653061,92,100
"lm_ancova_v2_core_n160_r2_10_clear","clear",160,"core","significant","completed",60.2448979591837,24.4897959183673,96,100
"lm_ancova_v2_core_n160_r2_10_clear","clear",160,"core","significant","completed",58.2244897959184,22.4489795918367,94,100
"lm_ancova_v2_core_n160_r2_10_clear","clear",160,"core","significant","completed",57.2448979591837,24.4897959183673,90,100
"lm_ancova_v2_core_n160_r2_10_clear","clear",160,"core","significant","completed",23.0408163265306,4.08163265306122,42,100
"lm_ancova_v2_core_n160_r2_10_clear","clear",160,"core","significant","completed",26.0408163265306,4.08163265306122,48,100
"lm_ancova_v2_core_n160_r2_10_clear","clear",160,"core","significant","completed",58.2244897959184,22.4489795918367,94,100
"lm_ancova_v2_core_n160_r2_10_clear","clear",160,"core","significant","completed",64.3061224489796,30.6122448979592,98,100
"lm_ancova_v2_core_n160_r2_10_clear","clear",160,"core","significant","completed",58.2244897959184,22.4489795918367,94,100
"lm_ancova_v2_core_n160_r2_10_clear","clear",160,"core","significant","completed",54.2040816326531,20.4081632653061,88,100
"lm_ancova_v2_core_n160_r2_10_clear","clear",160,"core","significant","completed",65.3265306122449,32.6530612244898,98,100
"lm_ancova_v2_core_n160_r2_10_clear","clear",160,"core","significant","completed",43.1020408163265,10.2040816326531,76,100
"lm_ancova_v2_core_n160_r2_10_clear","clear",160,"core","significant","completed",53.1632653061224,16.3265306122449,90,100
"lm_ancova_v2_core_n160_r2_10_clear","clear",160,"core","significant","completed",59.265306122449,26.530612244898,92,100
"lm_ancova_v2_core_n160_r2_10_clear","clear",160,"core","significant","completed",65.3265306122449,32.6530612244898,98,100
"lm_ancova_v2_core_n160_r2_10_clear","clear",160,"core","significant","completed",64.3061224489796,30.6122448979592,98,100
"lm_ancova_v2_core_n160_r2_10_clear","clear",160,"core","significant","completed",60.2448979591837,24.4897959183673,96,100
"lm_ancova_v2_core_n160_r2_10_clear","clear",160,"core","significant","completed",52.1632653061224,16.3265306122449,88,100
"lm_ancova_v2_core_n160_r2_10_clear","clear",160,"core","significant","completed",51.1836734693878,18.3673469387755,84,100
"lm_ancova_v2_core_n160_r2_10_clear","clear",160,"core","significant","completed",42.0816326530612,8.16326530612245,76,100
"lm_ancova_v2_core_n160_r2_10_clear","clear",160,"core","significant","completed",61.265306122449,26.530612244898,96,100
"lm_ancova_v2_core_n160_r2_10_clear","clear",160,"core","significant","completed",30.0408163265306,4.08163265306122,56,100
"lm_ancova_v2_core_n160_r2_10_clear","clear",160,"core","significant","completed",53.2040816326531,20.4081632653061,86,100
"lm_ancova_v2_core_n160_r2_10_clear","clear",160,"core","significant","completed",53.1836734693878,18.3673469387755,88,100
"lm_ancova_v2_core_n160_r2_10_clear","clear",160,"core","significant","completed",50.1632653061224,16.3265306122449,84,100
"lm_ancova_v2_core_n160_r2_10_clear","clear",160,"core","significant","completed",66.3265306122449,32.6530612244898,100,100
"lm_ancova_v2_core_n160_r2_10_clear","clear",160,"core","significant","completed",66.3265306122449,32.6530612244898,100,100
"lm_ancova_v2_core_n160_r2_10_clear","clear",160,"core","significant","completed",49.1224489795918,12.2448979591837,86,100
"lm_ancova_v2_core_n160_r2_10_clear","clear",160,"core","significant","completed",38.0816326530612,8.16326530612245,68,100
"lm_ancova_v2_core_n160_r2_10_clear","clear",160,"core","significant","completed",61.2244897959184,22.4489795918367,100,100
"lm_ancova_v2_core_n160_r2_10_clear","clear",160,"core","significant","completed",71.4285714285714,42.8571428571429,100,100
"lm_ancova_v2_core_n160_r2_10_clear","clear",160,"core","significant","completed",53.1632653061224,16.3265306122449,90,100
"lm_ancova_v2_core_n160_r2_10_null","null",160,"core","significant","completed",36.0612244897959,6.12244897959184,66,100
"lm_ancova_v2_core_n160_r2_10_null","null",160,"core","significant","completed",42.0816326530612,8.16326530612245,76,100
"lm_ancova_v2_core_n160_r2_10_null","null",160,"core","significant","completed",28.0204081632653,2.04081632653061,54,97.5
"lm_ancova_v2_core_n160_r2_10_null","null",160,"core","significant","completed",45.1020408163265,10.2040816326531,80,100
"lm_ancova_v2_core_n160_r2_10_null","null",160,"core","significant","completed",36.0408163265306,4.08163265306122,68,100
"lm_ancova_v2_core_n160_r2_10_null","null",160,"core","significant","completed",26.0408163265306,4.08163265306122,48,100
"lm_ancova_v2_core_n160_r2_10_null","null",160,"core","significant","completed",26.0204081632653,2.04081632653061,50,67.5
"lm_ancova_v2_core_n160_r2_10_null","null",160,"core","significant","completed",27.0204081632653,2.04081632653061,52,92.5
"lm_ancova_v2_core_n160_r2_10_null","null",160,"core","significant","completed",34.0204081632653,2.04081632653061,66,76.25
"lm_ancova_v2_core_n160_r2_10_null","null",160,"core","significant","completed",46.0816326530612,8.16326530612245,84,100
"lm_ancova_v2_core_n160_r2_10_null","null",160,"core","significant","completed",33.0612244897959,6.12244897959184,60,100
"lm_ancova_v2_core_n160_r2_40_borderline","borderline",160,"core","significant","completed",51.1632653061224,16.3265306122449,86,100
"lm_ancova_v2_core_n160_r2_40_borderline","borderline",160,"core","significant","completed",45.1020408163265,10.2040816326531,80,100
"lm_ancova_v2_core_n160_r2_40_borderline","borderline",160,"core","significant","completed",51.1428571428571,14.2857142857143,88,100
"lm_ancova_v2_core_n160_r2_40_borderline","borderline",160,"core","significant","completed",51.1632653061224,16.3265306122449,86,100
"lm_ancova_v2_core_n160_r2_40_borderline","borderline",160,"core","significant","completed",43.0612244897959,6.12244897959184,80,100
"lm_ancova_v2_core_n160_r2_40_borderline","borderline",160,"core","significant","completed",59.2448979591837,24.4897959183673,94,100
"lm_ancova_v2_core_n160_r2_40_borderline","borderline",160,"core","significant","completed",53.2040816326531,20.4081632653061,86,100
"lm_ancova_v2_core_n160_r2_40_borderline","borderline",160,"core","significant","completed",53.1836734693878,18.3673469387755,88,100
"lm_ancova_v2_core_n160_r2_40_borderline","borderline",160,"core","significant","completed",19.0204081632653,2.04081632653061,36,50.625
"lm_ancova_v2_core_n160_r2_40_borderline","borderline",160,"core","significant","completed",55.1632653061224,16.3265306122449,94,100
"lm_ancova_v2_core_n160_r2_40_borderline","borderline",160,"core","significant","completed",53.1632653061224,16.3265306122449,90,100
"lm_ancova_v2_core_n160_r2_40_borderline","borderline",160,"core","significant","completed",27.0204081632653,2.04081632653061,52,45.625
"lm_ancova_v2_core_n160_r2_40_borderline","borderline",160,"core","significant","completed",41.0816326530612,8.16326530612245,74,100
"lm_ancova_v2_core_n160_r2_40_borderline","borderline",160,"core","significant","completed",31.0408163265306,4.08163265306122,58,100
"lm_ancova_v2_core_n160_r2_40_borderline","borderline",160,"core","significant","completed",52.1836734693878,18.3673469387755,86,100
"lm_ancova_v2_core_n160_r2_40_borderline","borderline",160,"core","significant","completed",32.0408163265306,4.08163265306122,60,100
"lm_ancova_v2_core_n160_r2_40_borderline","borderline",160,"core","significant","completed",51.1428571428571,14.2857142857143,88,100
"lm_ancova_v2_core_n160_r2_40_borderline","borderline",160,"core","significant","completed",29.0204081632653,2.04081632653061,56,75
"lm_ancova_v2_core_n160_r2_40_borderline","borderline",160,"core","significant","completed",46.1020408163265,10.2040816326531,82,100
"lm_ancova_v2_core_n160_r2_40_borderline","borderline",160,"core","significant","completed",29.0204081632653,2.04081632653061,56,51.25
"lm_ancova_v2_core_n160_r2_40_borderline","borderline",160,"core","significant","completed",50.1224489795918,12.2448979591837,88,100
"lm_ancova_v2_core_n160_r2_40_borderline","borderline",160,"core","significant","completed",59.2448979591837,24.4897959183673,94,100
"lm_ancova_v2_core_n160_r2_40_borderline","borderline",160,"core","significant","completed",40.0612244897959,6.12244897959184,74,100
"lm_ancova_v2_core_n160_r2_40_borderline","borderline",160,"core","significant","completed",33.0408163265306,4.08163265306122,62,100
"lm_ancova_v2_core_n160_r2_40_borderline","borderline",160,"core","significant","completed",39.0612244897959,6.12244897959184,72,100
"lm_ancova_v2_core_n160_r2_40_borderline","borderline",160,"core","significant","completed",55.2040816326531,20.4081632653061,90,100
"lm_ancova_v2_core_n160_r2_40_borderline","borderline",160,"core","significant","completed",50.1428571428571,14.2857142857143,86,100
"lm_ancova_v2_core_n160_r2_40_borderline","borderline",160,"core","significant","completed",56.2040816326531,20.4081632653061,92,100
"lm_ancova_v2_core_n160_r2_40_borderline","borderline",160,"core","significant","completed",43.0816326530612,8.16326530612245,78,100
"lm_ancova_v2_core_n160_r2_40_borderline","borderline",160,"core","significant","completed",55.2040816326531,20.4081632653061,90,100
"lm_ancova_v2_core_n160_r2_40_borderline","borderline",160,"core","significant","completed",42.0816326530612,8.16326530612245,76,100
"lm_ancova_v2_core_n160_r2_40_borderline","borderline",160,"core","significant","completed",56.2040816326531,20.4081632653061,92,100
"lm_ancova_v2_core_n160_r2_40_borderline","borderline",160,"core","significant","completed",50.1632653061224,16.3265306122449,84,100
"lm_ancova_v2_core_n160_r2_40_borderline","borderline",160,"core","significant","completed",54.1836734693878,18.3673469387755,90,100
"lm_ancova_v2_core_n160_r2_40_borderline","borderline",160,"core","significant","completed",56.1836734693878,18.3673469387755,94,100
"lm_ancova_v2_core_n160_r2_40_borderline","borderline",160,"core","significant","completed",50.1224489795918,12.2448979591837,88,100
"lm_ancova_v2_core_n160_r2_40_borderline","borderline",160,"core","significant","completed",57.2040816326531,20.4081632653061,94,100
"lm_ancova_v2_core_n160_r2_40_borderline","borderline",160,"core","significant","completed",25.0204081632653,2.04081632653061,48,77.5
"lm_ancova_v2_core_n160_r2_40_borderline","borderline",160,"core","significant","completed",43.1020408163265,10.2040816326531,76,100
"lm_ancova_v2_core_n160_r2_40_borderline","borderline",160,"core","significant","completed",40.0612244897959,6.12244897959184,74,100
"lm_ancova_v2_core_n160_r2_40_borderline","borderline",160,"core","significant","completed",44.1020408163265,10.2040816326531,78,100
"lm_ancova_v2_core_n160_r2_40_borderline","borderline",160,"core","significant","completed",30.0204081632653,2.04081632653061,58,99.375
"lm_ancova_v2_core_n160_r2_40_borderline","borderline",160,"core","significant","completed",43.1020408163265,10.2040816326531,76,100
"lm_ancova_v2_core_n160_r2_40_borderline","borderline",160,"core","significant","completed",64.2857142857143,28.5714285714286,100,100
"lm_ancova_v2_core_n160_r2_40_borderline","borderline",160,"core","significant","completed",46.1224489795918,12.2448979591837,80,100
"lm_ancova_v2_core_n160_r2_40_borderline","borderline",160,"core","significant","completed",40.0816326530612,8.16326530612245,72,100
"lm_ancova_v2_core_n160_r2_40_borderline","borderline",160,"core","significant","completed",38.0612244897959,6.12244897959184,70,100
"lm_ancova_v2_core_n160_r2_40_borderline","borderline",160,"core","significant","completed",30.0204081632653,2.04081632653061,58,98.125
"lm_ancova_v2_core_n160_r2_40_borderline","borderline",160,"core","significant","completed",49.1020408163265,10.2040816326531,88,100
"lm_ancova_v2_core_n160_r2_40_borderline","borderline",160,"core","significant","completed",35.0204081632653,2.04081632653061,68,92.5
"lm_ancova_v2_core_n160_r2_40_borderline","borderline",160,"core","significant","completed",50.1428571428571,14.2857142857143,86,100
"lm_ancova_v2_core_n160_r2_40_borderline","borderline",160,"core","significant","completed",45.1428571428571,14.2857142857143,76,100
"lm_ancova_v2_core_n160_r2_40_borderline","borderline",160,"core","significant","completed",52.1836734693878,18.3673469387755,86,100
"lm_ancova_v2_core_n160_r2_40_borderline","borderline",160,"core","significant","completed",38.0408163265306,4.08163265306122,72,100
"lm_ancova_v2_core_n160_r2_40_borderline","borderline",160,"core","significant","completed",42.0816326530612,8.16326530612245,76,100
"lm_ancova_v2_core_n160_r2_40_borderline","borderline",160,"core","significant","completed",34.0408163265306,4.08163265306122,64,100
"lm_ancova_v2_core_n160_r2_40_borderline","borderline",160,"core","significant","completed",56.2040816326531,20.4081632653061,92,100
"lm_ancova_v2_core_n160_r2_40_borderline","borderline",160,"core","significant","completed",59.2244897959184,22.4489795918367,96,100
"lm_ancova_v2_core_n160_r2_40_borderline","borderline",160,"core","significant","completed",74.4897959183673,48.9795918367347,100,100
"lm_ancova_v2_core_n160_r2_40_borderline","borderline",160,"core","significant","completed",66.3469387755102,34.6938775510204,98,100
"lm_ancova_v2_core_n160_r2_40_borderline","borderline",160,"core","significant","completed",48.1428571428571,14.2857142857143,82,100
"lm_ancova_v2_core_n160_r2_40_borderline","borderline",160,"core","significant","completed",66.3265306122449,32.6530612244898,100,100
"lm_ancova_v2_core_n160_r2_40_borderline","borderline",160,"core","significant","completed",56.1836734693878,18.3673469387755,94,100
"lm_ancova_v2_core_n160_r2_40_borderline","borderline",160,"core","significant","completed",33.0408163265306,4.08163265306122,62,100
"lm_ancova_v2_core_n160_r2_40_borderline","borderline",160,"core","significant","completed",27.0204081632653,2.04081632653061,52,77.5
"lm_ancova_v2_core_n160_r2_40_borderline","borderline",160,"core","significant","completed",35.0612244897959,6.12244897959184,64,100
"lm_ancova_v2_core_n160_r2_40_borderline","borderline",160,"core","significant","completed",52.1632653061224,16.3265306122449,88,100
"lm_ancova_v2_core_n160_r2_40_borderline","borderline",160,"core","significant","completed",31.0408163265306,4.08163265306122,58,100
"lm_ancova_v2_core_n160_r2_40_borderline","borderline",160,"core","significant","completed",38.0816326530612,8.16326530612245,68,100
"lm_ancova_v2_core_n160_r2_40_borderline","borderline",160,"core","significant","completed",56.1836734693878,18.3673469387755,94,100
"lm_ancova_v2_core_n160_r2_40_borderline","borderline",160,"core","significant","completed",55.1632653061224,16.3265306122449,94,100
"lm_ancova_v2_core_n160_r2_40_borderline","borderline",160,"core","significant","completed",32.0408163265306,4.08163265306122,60,100
"lm_ancova_v2_core_n160_r2_40_borderline","borderline",160,"core","significant","completed",51.1632653061224,16.3265306122449,86,100
"lm_ancova_v2_core_n160_r2_40_borderline","borderline",160,"core","significant","completed",39.0408163265306,4.08163265306122,74,100
"lm_ancova_v2_core_n160_r2_40_borderline","borderline",160,"core","significant","completed",49.1632653061224,16.3265306122449,82,100
"lm_ancova_v2_core_n160_r2_40_borderline","borderline",160,"core","significant","completed",46.1224489795918,12.2448979591837,80,100
"lm_ancova_v2_core_n160_r2_40_borderline","borderline",160,"core","significant","completed",25.0204081632653,2.04081632653061,48,84.375
"lm_ancova_v2_core_n160_r2_40_borderline","borderline",160,"core","significant","completed",23.0204081632653,2.04081632653061,44,95
"lm_ancova_v2_core_n160_r2_40_borderline","borderline",160,"core","significant","completed",37.0612244897959,6.12244897959184,68,100
"lm_ancova_v2_core_n160_r2_40_borderline","borderline",160,"core","significant","completed",34.0408163265306,4.08163265306122,64,100
"lm_ancova_v2_core_n160_r2_40_borderline","borderline",160,"core","significant","completed",40.0816326530612,8.16326530612245,72,100
"lm_ancova_v2_core_n160_r2_40_borderline","borderline",160,"core","significant","completed",42.0816326530612,8.16326530612245,76,100
"lm_ancova_v2_core_n160_r2_40_borderline","borderline",160,"core","significant","completed",36.0204081632653,2.04081632653061,70,93.75
"lm_ancova_v2_core_n160_r2_40_borderline","borderline",160,"core","significant","completed",33.0408163265306,4.08163265306122,62,100
"lm_ancova_v2_core_n160_r2_40_borderline","borderline",160,"core","significant","completed",37.0408163265306,4.08163265306122,70,100
"lm_ancova_v2_core_n160_r2_40_borderline","borderline",160,"core","significant","completed",32.0204081632653,2.04081632653061,62,71.875
"lm_ancova_v2_core_n160_r2_40_borderline","borderline",160,"core","significant","completed",43.0816326530612,8.16326530612245,78,100
"lm_ancova_v2_core_n160_r2_40_borderline","borderline",160,"core","significant","completed",32.0408163265306,4.08163265306122,60,100
"lm_ancova_v2_core_n160_r2_40_borderline","borderline",160,"core","significant","completed",53.1836734693878,18.3673469387755,88,100
"lm_ancova_v2_core_n160_r2_40_borderline","borderline",160,"core","significant","completed",60.2448979591837,24.4897959183673,96,100
"lm_ancova_v2_core_n160_r2_40_borderline","borderline",160,"core","significant","completed",39.0612244897959,6.12244897959184,72,100
"lm_ancova_v2_core_n160_r2_40_borderline","borderline",160,"core","significant","completed",61.2448979591837,24.4897959183673,98,100
"lm_ancova_v2_core_n160_r2_40_borderline","borderline",160,"core","significant","completed",37.0408163265306,4.08163265306122,70,100
"lm_ancova_v2_core_n160_r2_40_borderline","borderline",160,"core","significant","completed",35.0816326530612,8.16326530612245,62,100
"lm_ancova_v2_core_n160_r2_40_borderline","borderline",160,"core","significant","completed",54.1632653061224,16.3265306122449,92,100
"lm_ancova_v2_core_n160_r2_40_borderline","borderline",160,"core","significant","completed",54.1224489795918,12.2448979591837,96,100
"lm_ancova_v2_core_n160_r2_40_borderline","borderline",160,"core","significant","completed",25.0204081632653,2.04081632653061,48,91.875
"lm_ancova_v2_core_n160_r2_40_borderline","borderline",160,"core","significant","completed",52.1428571428571,14.2857142857143,90,100
"lm_ancova_v2_core_n160_r2_40_borderline","borderline",160,"core","significant","completed",42.1020408163265,10.2040816326531,74,100
"lm_ancova_v2_core_n160_r2_40_borderline","borderline",160,"core","significant","completed",40.0816326530612,8.16326530612245,72,100
"lm_ancova_v2_core_n160_r2_40_clear","clear",160,"core","significant","completed",61.2448979591837,24.4897959183673,98,100
"lm_ancova_v2_core_n160_r2_40_clear","clear",160,"core","significant","completed",52.1428571428571,14.2857142857143,90,100
"lm_ancova_v2_core_n160_r2_40_clear","clear",160,"core","significant","completed",75.5102040816327,51.0204081632653,100,100
"lm_ancova_v2_core_n160_r2_40_clear","clear",160,"core","significant","completed",73.469387755102,46.9387755102041,100,100
"lm_ancova_v2_core_n160_r2_40_clear","clear",160,"core","significant","completed",71.4285714285714,42.8571428571429,100,100
"lm_ancova_v2_core_n160_r2_40_clear","clear",160,"core","significant","completed",49.1632653061224,16.3265306122449,82,100
"lm_ancova_v2_core_n160_r2_40_clear","clear",160,"core","significant","completed",71.4285714285714,42.8571428571429,100,100
"lm_ancova_v2_core_n160_r2_40_clear","clear",160,"core","significant","completed",57.2040816326531,20.4081632653061,94,100
"lm_ancova_v2_core_n160_r2_40_clear","clear",160,"core","significant","completed",68.3673469387755,36.734693877551,100,100
"lm_ancova_v2_core_n160_r2_40_clear","clear",160,"core","significant","completed",37.0408163265306,4.08163265306122,70,100
"lm_ancova_v2_core_n160_r2_40_clear","clear",160,"core","significant","completed",61.265306122449,26.530612244898,96,100
"lm_ancova_v2_core_n160_r2_40_clear","clear",160,"core","significant","completed",45.1020408163265,10.2040816326531,80,100
"lm_ancova_v2_core_n160_r2_40_clear","clear",160,"core","significant","completed",54.2040816326531,20.4081632653061,88,100
"lm_ancova_v2_core_n160_r2_40_clear","clear",160,"core","significant","completed",58.2448979591837,24.4897959183673,92,100
"lm_ancova_v2_core_n160_r2_40_clear","clear",160,"core","significant","completed",61.265306122449,26.530612244898,96,100
"lm_ancova_v2_core_n160_r2_40_clear","clear",160,"core","significant","completed",69.3877551020408,38.7755102040816,100,100
"lm_ancova_v2_core_n160_r2_40_clear","clear",160,"core","significant","completed",56.2040816326531,20.4081632653061,92,100
"lm_ancova_v2_core_n160_r2_40_clear","clear",160,"core","significant","completed",46.1224489795918,12.2448979591837,80,100
"lm_ancova_v2_core_n160_r2_40_clear","clear",160,"core","significant","completed",28.0204081632653,2.04081632653061,54,99.375
"lm_ancova_v2_core_n160_r2_40_clear","clear",160,"core","significant","completed",37.0816326530612,8.16326530612245,66,100
"lm_ancova_v2_core_n160_r2_40_clear","clear",160,"core","significant","completed",73.469387755102,46.9387755102041,100,100
"lm_ancova_v2_core_n160_r2_40_clear","clear",160,"core","significant","completed",65.3061224489796,30.6122448979592,100,100
"lm_ancova_v2_core_n160_r2_40_clear","clear",160,"core","significant","completed",31.0204081632653,2.04081632653061,60,97.5
"lm_ancova_v2_core_n160_r2_40_clear","clear",160,"core","significant","completed",65.3061224489796,30.6122448979592,100,100
"lm_ancova_v2_core_n160_r2_40_clear","clear",160,"core","significant","completed",65.3265306122449,32.6530612244898,98,100
"lm_ancova_v2_core_n160_r2_40_clear","clear",160,"core","significant","completed",58.2040816326531,20.4081632653061,96,100
"lm_ancova_v2_core_n160_r2_40_clear","clear",160,"core","significant","completed",46.1020408163265,10.2040816326531,82,100
"lm_ancova_v2_core_n160_r2_40_clear","clear",160,"core","significant","completed",39.0612244897959,6.12244897959184,72,100
"lm_ancova_v2_core_n160_r2_40_clear","clear",160,"core","significant","completed",59.2448979591837,24.4897959183673,94,100
"lm_ancova_v2_core_n160_r2_40_clear","clear",160,"core","significant","completed",67.3469387755102,34.6938775510204,100,100
"lm_ancova_v2_core_n160_r2_40_clear","clear",160,"core","significant","completed",71.4285714285714,42.8571428571429,100,100
"lm_ancova_v2_core_n160_r2_40_clear","clear",160,"core","significant","completed",46.0816326530612,8.16326530612245,84,100
"lm_ancova_v2_core_n160_r2_40_clear","clear",160,"core","significant","completed",54.1836734693878,18.3673469387755,90,100
"lm_ancova_v2_core_n160_r2_40_clear","clear",160,"core","significant","completed",48.1224489795918,12.2448979591837,84,100
"lm_ancova_v2_core_n160_r2_40_clear","clear",160,"core","significant","completed",40.1224489795918,12.2448979591837,68,100
"lm_ancova_v2_core_n160_r2_40_clear","clear",160,"core","significant","completed",69.3877551020408,38.7755102040816,100,100
"lm_ancova_v2_core_n160_r2_40_clear","clear",160,"core","significant","completed",51.1632653061224,16.3265306122449,86,100
"lm_ancova_v2_core_n160_r2_40_clear","clear",160,"core","significant","completed",72.4489795918367,44.8979591836735,100,100
"lm_ancova_v2_core_n160_r2_40_clear","clear",160,"core","significant","completed",36.0408163265306,4.08163265306122,68,100
"lm_ancova_v2_core_n160_r2_40_clear","clear",160,"core","significant","completed",44.1020408163265,10.2040816326531,78,100
"lm_ancova_v2_core_n160_r2_40_clear","clear",160,"core","significant","completed",50.1428571428571,14.2857142857143,86,100
"lm_ancova_v2_core_n160_r2_40_clear","clear",160,"core","significant","completed",70.4081632653061,40.8163265306122,100,100
"lm_ancova_v2_core_n160_r2_40_clear","clear",160,"core","significant","completed",72.4489795918367,44.8979591836735,100,100
"lm_ancova_v2_core_n160_r2_40_clear","clear",160,"core","significant","completed",34.0816326530612,8.16326530612245,60,100
"lm_ancova_v2_core_n160_r2_40_clear","clear",160,"core","significant","completed",52.1632653061224,16.3265306122449,88,100
"lm_ancova_v2_core_n160_r2_40_clear","clear",160,"core","significant","completed",67.3469387755102,34.6938775510204,100,100
"lm_ancova_v2_core_n160_r2_40_clear","clear",160,"core","significant","completed",44.1020408163265,10.2040816326531,78,100
"lm_ancova_v2_core_n160_r2_40_clear","clear",160,"core","significant","completed",68.3673469387755,36.734693877551,100,100
"lm_ancova_v2_core_n160_r2_40_clear","clear",160,"core","significant","completed",58.2857142857143,28.5714285714286,88,100
"lm_ancova_v2_core_n160_r2_40_clear","clear",160,"core","significant","completed",24.0204081632653,2.04081632653061,46,82.5
"lm_ancova_v2_core_n160_r2_40_clear","clear",160,"core","significant","completed",34.0408163265306,4.08163265306122,64,100
"lm_ancova_v2_core_n160_r2_40_clear","clear",160,"core","significant","completed",67.3673469387755,36.734693877551,98,100
"lm_ancova_v2_core_n160_r2_40_clear","clear",160,"core","significant","completed",30.0408163265306,4.08163265306122,56,100
"lm_ancova_v2_core_n160_r2_40_clear","clear",160,"core","significant","completed",39.0816326530612,8.16326530612245,70,100
"lm_ancova_v2_core_n160_r2_40_clear","clear",160,"core","significant","completed",54.1836734693878,18.3673469387755,90,100
"lm_ancova_v2_core_n160_r2_40_clear","clear",160,"core","significant","completed",38.0612244897959,6.12244897959184,70,100
"lm_ancova_v2_core_n160_r2_40_clear","clear",160,"core","significant","completed",52.1632653061224,16.3265306122449,88,100
"lm_ancova_v2_core_n160_r2_40_clear","clear",160,"core","significant","completed",48.1224489795918,12.2448979591837,84,100
"lm_ancova_v2_core_n160_r2_40_clear","clear",160,"core","significant","completed",53.1632653061224,16.3265306122449,90,100
"lm_ancova_v2_core_n160_r2_40_clear","clear",160,"core","significant","completed",50.1428571428571,14.2857142857143,86,100
"lm_ancova_v2_core_n160_r2_40_clear","clear",160,"core","significant","completed",69.3877551020408,38.7755102040816,100,100
"lm_ancova_v2_core_n160_r2_40_clear","clear",160,"core","significant","completed",58.2040816326531,20.4081632653061,96,100
"lm_ancova_v2_core_n160_r2_40_clear","clear",160,"core","significant","completed",49.1428571428571,14.2857142857143,84,100
"lm_ancova_v2_core_n160_r2_40_clear","clear",160,"core","significant","completed",64.2857142857143,28.5714285714286,100,100
"lm_ancova_v2_core_n160_r2_40_clear","clear",160,"core","significant","completed",72.4489795918367,44.8979591836735,100,100
"lm_ancova_v2_core_n160_r2_40_clear","clear",160,"core","significant","completed",39.0612244897959,6.12244897959184,72,100
"lm_ancova_v2_core_n160_r2_40_clear","clear",160,"core","significant","completed",31.0408163265306,4.08163265306122,58,100
"lm_ancova_v2_core_n160_r2_40_clear","clear",160,"core","significant","completed",44.1020408163265,10.2040816326531,78,100
"lm_ancova_v2_core_n160_r2_40_clear","clear",160,"core","significant","completed",54.2040816326531,20.4081632653061,88,100
"lm_ancova_v2_core_n160_r2_40_clear","clear",160,"core","significant","completed",65.3061224489796,30.6122448979592,100,100
"lm_ancova_v2_core_n160_r2_40_clear","clear",160,"core","significant","completed",59.2040816326531,20.4081632653061,98,100
"lm_ancova_v2_core_n160_r2_40_clear","clear",160,"core","significant","completed",50.1224489795918,12.2448979591837,88,100
"lm_ancova_v2_core_n160_r2_40_clear","clear",160,"core","significant","completed",65.3061224489796,30.6122448979592,100,100
"lm_ancova_v2_core_n160_r2_40_clear","clear",160,"core","significant","completed",68.3877551020408,38.7755102040816,98,100
"lm_ancova_v2_core_n160_r2_40_clear","clear",160,"core","significant","completed",74.4897959183673,48.9795918367347,100,100
"lm_ancova_v2_core_n160_r2_40_clear","clear",160,"core","significant","completed",50.1224489795918,12.2448979591837,88,100
"lm_ancova_v2_core_n160_r2_40_clear","clear",160,"core","significant","completed",65.3265306122449,32.6530612244898,98,100
"lm_ancova_v2_core_n160_r2_40_clear","clear",160,"core","significant","completed",50.1632653061224,16.3265306122449,84,100
"lm_ancova_v2_core_n160_r2_40_clear","clear",160,"core","significant","completed",70.4081632653061,40.8163265306122,100,100
"lm_ancova_v2_core_n160_r2_40_clear","clear",160,"core","significant","completed",31.0612244897959,6.12244897959184,56,100
"lm_ancova_v2_core_n160_r2_40_clear","clear",160,"core","significant","completed",64.3061224489796,30.6122448979592,98,100
"lm_ancova_v2_core_n160_r2_40_clear","clear",160,"core","significant","completed",71.4285714285714,42.8571428571429,100,100
"lm_ancova_v2_core_n160_r2_40_clear","clear",160,"core","significant","completed",54.1836734693878,18.3673469387755,90,100
"lm_ancova_v2_core_n160_r2_40_clear","clear",160,"core","significant","completed",60.2448979591837,24.4897959183673,96,100
"lm_ancova_v2_core_n160_r2_40_clear","clear",160,"core","significant","completed",51.1224489795918,12.2448979591837,90,100
"lm_ancova_v2_core_n160_r2_40_clear","clear",160,"core","significant","completed",45.1020408163265,10.2040816326531,80,100
"lm_ancova_v2_core_n160_r2_40_clear","clear",160,"core","significant","completed",51.1632653061224,16.3265306122449,86,100
"lm_ancova_v2_core_n160_r2_40_clear","clear",160,"core","significant","completed",64.3061224489796,30.6122448979592,98,100
"lm_ancova_v2_core_n160_r2_40_clear","clear",160,"core","significant","completed",61.265306122449,26.530612244898,96,100
"lm_ancova_v2_core_n160_r2_40_clear","clear",160,"core","significant","completed",57.1836734693878,18.3673469387755,96,100
"lm_ancova_v2_core_n160_r2_40_clear","clear",160,"core","significant","completed",63.2857142857143,28.5714285714286,98,100
"lm_ancova_v2_core_n160_r2_40_clear","clear",160,"core","significant","completed",34.0408163265306,4.08163265306122,64,100
"lm_ancova_v2_core_n160_r2_40_clear","clear",160,"core","significant","completed",47.1224489795918,12.2448979591837,82,100
"lm_ancova_v2_core_n160_r2_40_clear","clear",160,"core","significant","completed",54.2244897959184,22.4489795918367,86,100
"lm_ancova_v2_core_n160_r2_40_clear","clear",160,"core","significant","completed",52.1632653061224,16.3265306122449,88,100
"lm_ancova_v2_core_n160_r2_40_clear","clear",160,"core","significant","completed",66.3265306122449,32.6530612244898,100,100
"lm_ancova_v2_core_n160_r2_40_clear","clear",160,"core","significant","completed",34.0612244897959,6.12244897959184,62,100
"lm_ancova_v2_core_n160_r2_40_clear","clear",160,"core","significant","completed",38.0612244897959,6.12244897959184,70,100
"lm_ancova_v2_core_n160_r2_40_clear","clear",160,"core","significant","completed",48.1020408163265,10.2040816326531,86,100
"lm_ancova_v2_core_n160_r2_40_clear","clear",160,"core","significant","completed",37.0612244897959,6.12244897959184,68,100
"lm_ancova_v2_core_n160_r2_40_null","null",160,"core","significant","completed",28.0204081632653,2.04081632653061,54,66.875
"lm_ancova_v2_core_n160_r2_40_null","null",160,"core","significant","completed",37.0204081632653,2.04081632653061,72,46.25
"lm_ancova_v2_core_n160_r2_40_null","null",160,"core","significant","completed",21.0204081632653,2.04081632653061,40,86.25
"lm_ancova_v2_core_n160_r2_40_null","null",160,"core","significant","completed",46.1224489795918,12.2448979591837,80,100
"lm_ancova_v2_core_n160_r2_40_null","null",160,"core","significant","completed",44.0612244897959,6.12244897959184,82,100
"lm_ancova_v2_core_n160_r2_40_null","null",160,"core","significant","completed",26.0204081632653,2.04081632653061,50,85.625
"lm_ancova_v2_core_n160_r2_40_null","null",160,"core","significant","completed",36.0408163265306,4.08163265306122,68,100
"lm_ancova_v2_core_n160_r2_40_null","null",160,"core","significant","completed",33.0204081632653,2.04081632653061,64,99.375
"lm_ancova_v2_core_n160_r2_40_null","null",160,"core","significant","completed",35.0204081632653,2.04081632653061,68,81.25
"lm_ancova_v2_core_n160_r2_40_null","null",160,"core","significant","completed",39.0612244897959,6.12244897959184,72,100
"lm_ancova_v2_core_n160_r2_40_null","null",160,"core","significant","completed",29.0408163265306,4.08163265306122,54,100
"lm_ancova_v2_core_n160_r2_40_null","null",160,"core","significant","completed",36.0408163265306,4.08163265306122,68,100
"lm_ancova_v2_core_n160_r2_40_null","null",160,"core","significant","completed",42.0612244897959,6.12244897959184,78,100
"lm_ancova_v2_core_n160_r2_40_null","null",160,"core","significant","completed",30.0204081632653,2.04081632653061,58,71.25
"lm_ancova_v2_core_n160_r2_40_null","null",160,"core","significant","completed",44.1020408163265,10.2040816326531,78,100
"lm_ancova_v2_core_n160_r2_40_null","null",160,"core","significant","completed",31.0408163265306,4.08163265306122,58,100
"lm_ancova_v2_core_n160_r2_40_null","null",160,"core","significant","completed",38.0612244897959,6.12244897959184,70,100
"lm_ancova_v2_core_n160_r2_40_null","null",160,"core","significant","completed",37.0612244897959,6.12244897959184,68,100
"lm_ancova_v2_core_n160_r2_40_null","null",160,"core","significant","completed",46.1224489795918,12.2448979591837,80,100
"lm_ancova_v2_core_n160_r2_40_null","null",160,"core","significant","completed",35.0612244897959,6.12244897959184,64,100
"lm_ancova_v2_core_n160_r2_40_null","null",160,"core","significant","completed",36.0408163265306,4.08163265306122,68,100
"lm_ancova_v2_core_n160_r2_70_borderline","borderline",160,"core","significant","completed",35.0612244897959,6.12244897959184,64,100
"lm_ancova_v2_core_n160_r2_70_borderline","borderline",160,"core","significant","completed",44.1224489795918,12.2448979591837,76,100
"lm_ancova_v2_core_n160_r2_70_borderline","borderline",160,"core","significant","completed",55.2040816326531,20.4081632653061,90,100
"lm_ancova_v2_core_n160_r2_70_borderline","borderline",160,"core","significant","completed",67.3469387755102,34.6938775510204,100,100
"lm_ancova_v2_core_n160_r2_70_borderline","borderline",160,"core","significant","completed",40.0816326530612,8.16326530612245,72,100
"lm_ancova_v2_core_n160_r2_70_borderline","borderline",160,"core","significant","completed",31.0204081632653,2.04081632653061,60,61.25
"lm_ancova_v2_core_n160_r2_70_borderline","borderline",160,"core","significant","completed",48.1428571428571,14.2857142857143,82,100
"lm_ancova_v2_core_n160_r2_70_borderline","borderline",160,"core","significant","completed",36.0816326530612,8.16326530612245,64,100
"lm_ancova_v2_core_n160_r2_70_borderline","borderline",160,"core","significant","completed",55.1836734693878,18.3673469387755,92,100
"lm_ancova_v2_core_n160_r2_70_borderline","borderline",160,"core","significant","completed",69.3877551020408,38.7755102040816,100,100
"lm_ancova_v2_core_n160_r2_70_borderline","borderline",160,"core","significant","completed",34.0612244897959,6.12244897959184,62,100
"lm_ancova_v2_core_n160_r2_70_borderline","borderline",160,"core","significant","completed",22.0204081632653,2.04081632653061,42,90.625
"lm_ancova_v2_core_n160_r2_70_borderline","borderline",160,"core","significant","completed",47.1020408163265,10.2040816326531,84,100
"lm_ancova_v2_core_n160_r2_70_borderline","borderline",160,"core","significant","completed",42.0816326530612,8.16326530612245,76,100
"lm_ancova_v2_core_n160_r2_70_borderline","borderline",160,"core","significant","completed",44.1428571428571,14.2857142857143,74,100
"lm_ancova_v2_core_n160_r2_70_borderline","borderline",160,"core","significant","completed",56.1632653061224,16.3265306122449,96,100
"lm_ancova_v2_core_n160_r2_70_borderline","borderline",160,"core","significant","completed",34.0408163265306,4.08163265306122,64,100
"lm_ancova_v2_core_n160_r2_70_borderline","borderline",160,"core","significant","completed",42.1020408163265,10.2040816326531,74,100
"lm_ancova_v2_core_n160_r2_70_borderline","borderline",160,"core","significant","completed",28.0204081632653,2.04081632653061,54,93.125
"lm_ancova_v2_core_n160_r2_70_borderline","borderline",160,"core","significant","completed",61.265306122449,26.530612244898,96,100
"lm_ancova_v2_core_n160_r2_70_borderline","borderline",160,"core","significant","completed",34.0612244897959,6.12244897959184,62,100
"lm_ancova_v2_core_n160_r2_70_borderline","borderline",160,"core","significant","completed",45.0816326530612,8.16326530612245,82,100
"lm_ancova_v2_core_n160_r2_70_borderline","borderline",160,"core","significant","completed",57.2244897959184,22.4489795918367,92,100
"lm_ancova_v2_core_n160_r2_70_borderline","borderline",160,"core","significant","completed",53.1224489795918,12.2448979591837,94,100
"lm_ancova_v2_core_n160_r2_70_borderline","borderline",160,"core","significant","completed",57.2040816326531,20.4081632653061,94,100
"lm_ancova_v2_core_n160_r2_70_borderline","borderline",160,"core","significant","completed",51.1632653061224,16.3265306122449,86,100
"lm_ancova_v2_core_n160_r2_70_borderline","borderline",160,"core","significant","completed",46.1020408163265,10.2040816326531,82,100
"lm_ancova_v2_core_n160_r2_70_borderline","borderline",160,"core","significant","completed",58.265306122449,26.530612244898,90,100
"lm_ancova_v2_core_n160_r2_70_borderline","borderline",160,"core","significant","completed",61.2448979591837,24.4897959183673,98,100
"lm_ancova_v2_core_n160_r2_70_borderline","borderline",160,"core","significant","completed",41.0612244897959,6.12244897959184,76,100
"lm_ancova_v2_core_n160_r2_70_borderline","borderline",160,"core","significant","completed",58.1836734693878,18.3673469387755,98,100
"lm_ancova_v2_core_n160_r2_70_borderline","borderline",160,"core","significant","completed",66.3469387755102,34.6938775510204,98,100
"lm_ancova_v2_core_n160_r2_70_borderline","borderline",160,"core","significant","completed",36.0408163265306,4.08163265306122,68,100
"lm_ancova_v2_core_n160_r2_70_borderline","borderline",160,"core","significant","completed",65.3265306122449,32.6530612244898,98,100
"lm_ancova_v2_core_n160_r2_70_borderline","borderline",160,"core","significant","completed",37.0612244897959,6.12244897959184,68,100
"lm_ancova_v2_core_n160_r2_70_borderline","borderline",160,"core","significant","completed",27.0204081632653,2.04081632653061,52,92.5
"lm_ancova_v2_core_n160_r2_70_borderline","borderline",160,"core","significant","completed",46.1020408163265,10.2040816326531,82,100
"lm_ancova_v2_core_n160_r2_70_borderline","borderline",160,"core","significant","completed",51.1632653061224,16.3265306122449,86,100
"lm_ancova_v2_core_n160_r2_70_borderline","borderline",160,"core","significant","completed",42.0816326530612,8.16326530612245,76,100
"lm_ancova_v2_core_n160_r2_70_borderline","borderline",160,"core","significant","completed",43.0816326530612,8.16326530612245,78,100
"lm_ancova_v2_core_n160_r2_70_borderline","borderline",160,"core","significant","completed",33.0408163265306,4.08163265306122,62,100
"lm_ancova_v2_core_n160_r2_70_borderline","borderline",160,"core","significant","completed",51.1224489795918,12.2448979591837,90,100
"lm_ancova_v2_core_n160_r2_70_borderline","borderline",160,"core","significant","completed",29.0204081632653,2.04081632653061,56,88.75
"lm_ancova_v2_core_n160_r2_70_borderline","borderline",160,"core","significant","completed",37.0408163265306,4.08163265306122,70,100
"lm_ancova_v2_core_n160_r2_70_borderline","borderline",160,"core","significant","completed",51.1836734693878,18.3673469387755,84,100
"lm_ancova_v2_core_n160_r2_70_borderline","borderline",160,"core","significant","completed",41.1020408163265,10.2040816326531,72,100
"lm_ancova_v2_core_n160_r2_70_borderline","borderline",160,"core","significant","completed",36.0612244897959,6.12244897959184,66,100
"lm_ancova_v2_core_n160_r2_70_borderline","borderline",160,"core","significant","completed",44.1224489795918,12.2448979591837,76,100
"lm_ancova_v2_core_n160_r2_70_borderline","borderline",160,"core","significant","completed",54.1632653061224,16.3265306122449,92,100
"lm_ancova_v2_core_n160_r2_70_borderline","borderline",160,"core","significant","completed",41.0816326530612,8.16326530612245,74,100
"lm_ancova_v2_core_n160_r2_70_borderline","borderline",160,"core","significant","completed",50.1836734693878,18.3673469387755,82,100
"lm_ancova_v2_core_n160_r2_70_borderline","borderline",160,"core","significant","completed",41.0816326530612,8.16326530612245,74,100
"lm_ancova_v2_core_n160_r2_70_borderline","borderline",160,"core","significant","completed",38.0816326530612,8.16326530612245,68,100
"lm_ancova_v2_core_n160_r2_70_borderline","borderline",160,"core","significant","completed",64.3265306122449,32.6530612244898,96,100
"lm_ancova_v2_core_n160_r2_70_borderline","borderline",160,"core","significant","completed",44.1428571428571,14.2857142857143,74,100
"lm_ancova_v2_core_n160_r2_70_borderline","borderline",160,"core","significant","completed",52.1224489795918,12.2448979591837,92,100
"lm_ancova_v2_core_n160_r2_70_borderline","borderline",160,"core","significant","completed",54.1428571428571,14.2857142857143,94,100
"lm_ancova_v2_core_n160_r2_70_borderline","borderline",160,"core","significant","completed",26.0204081632653,2.04081632653061,50,58.125
"lm_ancova_v2_core_n160_r2_70_borderline","borderline",160,"core","significant","completed",53.1428571428571,14.2857142857143,92,100
"lm_ancova_v2_core_n160_r2_70_borderline","borderline",160,"core","significant","completed",52.1428571428571,14.2857142857143,90,100
"lm_ancova_v2_core_n160_r2_70_borderline","borderline",160,"core","significant","completed",60.2448979591837,24.4897959183673,96,100
"lm_ancova_v2_core_n160_r2_70_borderline","borderline",160,"core","significant","completed",42.0816326530612,8.16326530612245,76,100
"lm_ancova_v2_core_n160_r2_70_borderline","borderline",160,"core","significant","completed",31.0408163265306,4.08163265306122,58,100
"lm_ancova_v2_core_n160_r2_70_borderline","borderline",160,"core","significant","completed",36.0816326530612,8.16326530612245,64,100
"lm_ancova_v2_core_n160_r2_70_borderline","borderline",160,"core","significant","completed",58.2244897959184,22.4489795918367,94,100
"lm_ancova_v2_core_n160_r2_70_borderline","borderline",160,"core","significant","completed",34.0408163265306,4.08163265306122,64,100
"lm_ancova_v2_core_n160_r2_70_borderline","borderline",160,"core","significant","completed",55.1836734693878,18.3673469387755,92,100
"lm_ancova_v2_core_n160_r2_70_borderline","borderline",160,"core","significant","completed",27.0408163265306,4.08163265306122,50,100
"lm_ancova_v2_core_n160_r2_70_borderline","borderline",160,"core","significant","completed",55.2244897959184,22.4489795918367,88,100
"lm_ancova_v2_core_n160_r2_70_borderline","borderline",160,"core","significant","completed",61.2448979591837,24.4897959183673,98,100
"lm_ancova_v2_core_n160_r2_70_borderline","borderline",160,"core","significant","completed",43.0816326530612,8.16326530612245,78,100
"lm_ancova_v2_core_n160_r2_70_borderline","borderline",160,"core","significant","completed",55.1836734693878,18.3673469387755,92,100
"lm_ancova_v2_core_n160_r2_70_borderline","borderline",160,"core","significant","completed",31.0204081632653,2.04081632653061,60,94.375
"lm_ancova_v2_core_n160_r2_70_borderline","borderline",160,"core","significant","completed",41.0816326530612,8.16326530612245,74,100
"lm_ancova_v2_core_n160_r2_70_borderline","borderline",160,"core","significant","completed",54.2244897959184,22.4489795918367,86,100
"lm_ancova_v2_core_n160_r2_70_borderline","borderline",160,"core","significant","completed",39.0816326530612,8.16326530612245,70,100
"lm_ancova_v2_core_n160_r2_70_borderline","borderline",160,"core","significant","completed",36.0612244897959,6.12244897959184,66,100
"lm_ancova_v2_core_n160_r2_70_borderline","borderline",160,"core","significant","completed",53.2040816326531,20.4081632653061,86,100
"lm_ancova_v2_core_n160_r2_70_borderline","borderline",160,"core","significant","completed",53.1428571428571,14.2857142857143,92,100
"lm_ancova_v2_core_n160_r2_70_borderline","borderline",160,"core","significant","completed",43.1020408163265,10.2040816326531,76,100
"lm_ancova_v2_core_n160_r2_70_borderline","borderline",160,"core","significant","completed",31.0816326530612,8.16326530612245,54,100
"lm_ancova_v2_core_n160_r2_70_borderline","borderline",160,"core","significant","completed",66.3265306122449,32.6530612244898,100,100
"lm_ancova_v2_core_n160_r2_70_borderline","borderline",160,"core","significant","completed",46.1224489795918,12.2448979591837,80,100
"lm_ancova_v2_core_n160_r2_70_borderline","borderline",160,"core","significant","completed",47.1020408163265,10.2040816326531,84,100
"lm_ancova_v2_core_n160_r2_70_borderline","borderline",160,"core","significant","completed",44.1428571428571,14.2857142857143,74,100
"lm_ancova_v2_core_n160_r2_70_borderline","borderline",160,"core","significant","completed",52.1836734693878,18.3673469387755,86,100
"lm_ancova_v2_core_n160_r2_70_borderline","borderline",160,"core","significant","completed",65.3061224489796,30.6122448979592,100,100
"lm_ancova_v2_core_n160_r2_70_borderline","borderline",160,"core","significant","completed",29.0408163265306,4.08163265306122,54,100
"lm_ancova_v2_core_n160_r2_70_borderline","borderline",160,"core","significant","completed",40.1020408163265,10.2040816326531,70,100
"lm_ancova_v2_core_n160_r2_70_borderline","borderline",160,"core","significant","completed",29.0204081632653,2.04081632653061,56,98.125
"lm_ancova_v2_core_n160_r2_70_borderline","borderline",160,"core","significant","completed",42.0612244897959,6.12244897959184,78,100
"lm_ancova_v2_core_n160_r2_70_borderline","borderline",160,"core","significant","completed",54.1632653061224,16.3265306122449,92,100
"lm_ancova_v2_core_n160_r2_70_borderline","borderline",160,"core","significant","completed",42.1020408163265,10.2040816326531,74,100
"lm_ancova_v2_core_n160_r2_70_borderline","borderline",160,"core","significant","completed",30.0408163265306,4.08163265306122,56,100
"lm_ancova_v2_core_n160_r2_70_borderline","borderline",160,"core","significant","completed",32.0408163265306,4.08163265306122,60,100
"lm_ancova_v2_core_n160_r2_70_borderline","borderline",160,"core","significant","completed",44.1020408163265,10.2040816326531,78,100
"lm_ancova_v2_core_n160_r2_70_borderline","borderline",160,"core","significant","completed",33.0612244897959,6.12244897959184,60,100
"lm_ancova_v2_core_n160_r2_70_borderline","borderline",160,"core","significant","completed",64.3061224489796,30.6122448979592,98,100
"lm_ancova_v2_core_n160_r2_70_borderline","borderline",160,"core","significant","completed",33.0612244897959,6.12244897959184,60,100
"lm_ancova_v2_core_n160_r2_70_borderline","borderline",160,"core","significant","completed",58.2040816326531,20.4081632653061,96,100
"lm_ancova_v2_core_n160_r2_70_clear","clear",160,"core","significant","completed",67.3469387755102,34.6938775510204,100,100
"lm_ancova_v2_core_n160_r2_70_clear","clear",160,"core","significant","completed",53.2040816326531,20.4081632653061,86,100
"lm_ancova_v2_core_n160_r2_70_clear","clear",160,"core","significant","completed",36.0612244897959,6.12244897959184,66,100
"lm_ancova_v2_core_n160_r2_70_clear","clear",160,"core","significant","completed",55.1836734693878,18.3673469387755,92,100
"lm_ancova_v2_core_n160_r2_70_clear","clear",160,"core","significant","completed",51.1428571428571,14.2857142857143,88,100
"lm_ancova_v2_core_n160_r2_70_clear","clear",160,"core","significant","completed",73.469387755102,46.9387755102041,100,100
"lm_ancova_v2_core_n160_r2_70_clear","clear",160,"core","significant","completed",42.1020408163265,10.2040816326531,74,100
"lm_ancova_v2_core_n160_r2_70_clear","clear",160,"core","significant","completed",39.0816326530612,8.16326530612245,70,100
"lm_ancova_v2_core_n160_r2_70_clear","clear",160,"core","significant","completed",76.530612244898,53.0612244897959,100,100
"lm_ancova_v2_core_n160_r2_70_clear","clear",160,"core","significant","completed",65.3061224489796,30.6122448979592,100,100
"lm_ancova_v2_core_n160_r2_70_clear","clear",160,"core","significant","completed",54.1836734693878,18.3673469387755,90,100
"lm_ancova_v2_core_n160_r2_70_clear","clear",160,"core","significant","completed",74.4897959183673,48.9795918367347,100,100
"lm_ancova_v2_core_n160_r2_70_clear","clear",160,"core","significant","completed",41.1224489795918,12.2448979591837,70,100
"lm_ancova_v2_core_n160_r2_70_clear","clear",160,"core","significant","completed",46.1224489795918,12.2448979591837,80,100
"lm_ancova_v2_core_n160_r2_70_clear","clear",160,"core","significant","completed",58.2040816326531,20.4081632653061,96,100
"lm_ancova_v2_core_n160_r2_70_clear","clear",160,"core","significant","completed",67.3469387755102,34.6938775510204,100,100
"lm_ancova_v2_core_n160_r2_70_clear","clear",160,"core","significant","completed",81.6326530612245,63.265306122449,100,100
"lm_ancova_v2_core_n160_r2_70_clear","clear",160,"core","significant","completed",46.0612244897959,6.12244897959184,86,100
"lm_ancova_v2_core_n160_r2_70_clear","clear",160,"core","significant","completed",63.265306122449,26.530612244898,100,100
"lm_ancova_v2_core_n160_r2_70_clear","clear",160,"core","significant","completed",35.0612244897959,6.12244897959184,64,100
"lm_ancova_v2_core_n160_r2_70_clear","clear",160,"core","significant","completed",59.2244897959184,22.4489795918367,96,100
"lm_ancova_v2_core_n160_r2_70_clear","clear",160,"core","significant","completed",34.0408163265306,4.08163265306122,64,100
"lm_ancova_v2_core_n160_r2_70_clear","clear",160,"core","significant","completed",75.5102040816327,51.0204081632653,100,100
"lm_ancova_v2_core_n160_r2_70_clear","clear",160,"core","significant","completed",66.3469387755102,34.6938775510204,98,100
"lm_ancova_v2_core_n160_r2_70_clear","clear",160,"core","significant","completed",68.3673469387755,36.734693877551,100,100
"lm_ancova_v2_core_n160_r2_70_clear","clear",160,"core","significant","completed",45.1224489795918,12.2448979591837,78,100
"lm_ancova_v2_core_n160_r2_70_clear","clear",160,"core","significant","completed",50.1836734693878,18.3673469387755,82,100
"lm_ancova_v2_core_n160_r2_70_clear","clear",160,"core","significant","completed",68.3877551020408,38.7755102040816,98,100
"lm_ancova_v2_core_n160_r2_70_clear","clear",160,"core","significant","completed",39.0612244897959,6.12244897959184,72,100
"lm_ancova_v2_core_n160_r2_70_clear","clear",160,"core","significant","completed",60.2040816326531,20.4081632653061,100,100
"lm_ancova_v2_core_n160_r2_70_clear","clear",160,"core","significant","completed",44.1428571428571,14.2857142857143,74,100
"lm_ancova_v2_core_n160_r2_70_clear","clear",160,"core","significant","completed",56.2040816326531,20.4081632653061,92,100
"lm_ancova_v2_core_n160_r2_70_clear","clear",160,"core","significant","completed",54.1836734693878,18.3673469387755,90,100
"lm_ancova_v2_core_n160_r2_70_clear","clear",160,"core","significant","completed",56.1632653061224,16.3265306122449,96,100
"lm_ancova_v2_core_n160_r2_70_clear","clear",160,"core","significant","completed",86.734693877551,73.469387755102,100,100
"lm_ancova_v2_core_n160_r2_70_clear","clear",160,"core","significant","completed",61.2448979591837,24.4897959183673,98,100
"lm_ancova_v2_core_n160_r2_70_clear","clear",160,"core","significant","completed",58.2448979591837,24.4897959183673,92,100
"lm_ancova_v2_core_n160_r2_70_clear","clear",160,"core","significant","completed",62.265306122449,26.530612244898,98,100
"lm_ancova_v2_core_n160_r2_70_clear","clear",160,"core","significant","completed",62.265306122449,26.530612244898,98,100
"lm_ancova_v2_core_n160_r2_70_clear","clear",160,"core","significant","completed",19.0204081632653,2.04081632653061,36,87.5
"lm_ancova_v2_core_n160_r2_70_clear","clear",160,"core","significant","completed",53.1632653061224,16.3265306122449,90,100
"lm_ancova_v2_core_n160_r2_70_clear","clear",160,"core","significant","completed",61.265306122449,26.530612244898,96,100
"lm_ancova_v2_core_n160_r2_70_clear","clear",160,"core","significant","completed",78.5714285714286,57.1428571428571,100,100
"lm_ancova_v2_core_n160_r2_70_clear","clear",160,"core","significant","completed",51.1632653061224,16.3265306122449,86,100
"lm_ancova_v2_core_n160_r2_70_clear","clear",160,"core","significant","completed",64.3061224489796,30.6122448979592,98,100
"lm_ancova_v2_core_n160_r2_70_clear","clear",160,"core","significant","completed",33.0408163265306,4.08163265306122,62,100
"lm_ancova_v2_core_n160_r2_70_clear","clear",160,"core","significant","completed",63.3061224489796,30.6122448979592,96,100
"lm_ancova_v2_core_n160_r2_70_clear","clear",160,"core","significant","completed",46.1428571428571,14.2857142857143,78,100
"lm_ancova_v2_core_n160_r2_70_clear","clear",160,"core","significant","completed",31.0612244897959,6.12244897959184,56,100
"lm_ancova_v2_core_n160_r2_70_clear","clear",160,"core","significant","completed",69.4081632653061,40.8163265306122,98,100
"lm_ancova_v2_core_n160_r2_70_clear","clear",160,"core","significant","completed",61.2857142857143,28.5714285714286,94,100
"lm_ancova_v2_core_n160_r2_70_clear","clear",160,"core","significant","completed",43.1020408163265,10.2040816326531,76,100
"lm_ancova_v2_core_n160_r2_70_clear","clear",160,"core","significant","completed",63.265306122449,26.530612244898,100,100
"lm_ancova_v2_core_n160_r2_70_clear","clear",160,"core","significant","completed",52.1428571428571,14.2857142857143,90,100
"lm_ancova_v2_core_n160_r2_70_clear","clear",160,"core","significant","completed",71.4285714285714,42.8571428571429,100,100
"lm_ancova_v2_core_n160_r2_70_clear","clear",160,"core","significant","completed",61.265306122449,26.530612244898,96,100
"lm_ancova_v2_core_n160_r2_70_clear","clear",160,"core","significant","completed",62.2857142857143,28.5714285714286,96,100
"lm_ancova_v2_core_n160_r2_70_clear","clear",160,"core","significant","completed",39.0612244897959,6.12244897959184,72,100
"lm_ancova_v2_core_n160_r2_70_clear","clear",160,"core","significant","completed",81.6326530612245,63.265306122449,100,100
"lm_ancova_v2_core_n160_r2_70_clear","clear",160,"core","significant","completed",68.3673469387755,36.734693877551,100,100
"lm_ancova_v2_core_n160_r2_70_clear","clear",160,"core","significant","completed",62.2857142857143,28.5714285714286,96,100
"lm_ancova_v2_core_n160_r2_70_clear","clear",160,"core","significant","completed",71.4285714285714,42.8571428571429,100,100
"lm_ancova_v2_core_n160_r2_70_clear","clear",160,"core","significant","completed",51.1428571428571,14.2857142857143,88,100
"lm_ancova_v2_core_n160_r2_70_clear","clear",160,"core","significant","completed",62.265306122449,26.530612244898,98,100
"lm_ancova_v2_core_n160_r2_70_clear","clear",160,"core","significant","completed",63.3061224489796,30.6122448979592,96,100
"lm_ancova_v2_core_n160_r2_70_clear","clear",160,"core","significant","completed",75.5102040816327,51.0204081632653,100,100
"lm_ancova_v2_core_n160_r2_70_clear","clear",160,"core","significant","completed",50.1428571428571,14.2857142857143,86,100
"lm_ancova_v2_core_n160_r2_70_clear","clear",160,"core","significant","completed",29.0204081632653,2.04081632653061,56,53.75
"lm_ancova_v2_core_n160_r2_70_clear","clear",160,"core","significant","completed",49.1224489795918,12.2448979591837,86,100
"lm_ancova_v2_core_n160_r2_70_clear","clear",160,"core","significant","completed",55.1836734693878,18.3673469387755,92,100
"lm_ancova_v2_core_n160_r2_70_clear","clear",160,"core","significant","completed",71.4285714285714,42.8571428571429,100,100
"lm_ancova_v2_core_n160_r2_70_clear","clear",160,"core","significant","completed",37.0612244897959,6.12244897959184,68,100
"lm_ancova_v2_core_n160_r2_70_clear","clear",160,"core","significant","completed",62.265306122449,26.530612244898,98,100
"lm_ancova_v2_core_n160_r2_70_clear","clear",160,"core","significant","completed",61.2448979591837,24.4897959183673,98,100
"lm_ancova_v2_core_n160_r2_70_clear","clear",160,"core","significant","completed",63.3061224489796,30.6122448979592,96,100
"lm_ancova_v2_core_n160_r2_70_clear","clear",160,"core","significant","completed",61.265306122449,26.530612244898,96,100
"lm_ancova_v2_core_n160_r2_70_clear","clear",160,"core","significant","completed",37.0816326530612,8.16326530612245,66,100
"lm_ancova_v2_core_n160_r2_70_clear","clear",160,"core","significant","completed",61.2857142857143,28.5714285714286,94,100
"lm_ancova_v2_core_n160_r2_70_clear","clear",160,"core","significant","completed",72.4489795918367,44.8979591836735,100,100
"lm_ancova_v2_core_n160_r2_70_clear","clear",160,"core","significant","completed",63.2857142857143,28.5714285714286,98,100
"lm_ancova_v2_core_n160_r2_70_clear","clear",160,"core","significant","completed",63.2857142857143,28.5714285714286,98,100
"lm_ancova_v2_core_n160_r2_70_clear","clear",160,"core","significant","completed",60.2448979591837,24.4897959183673,96,100
"lm_ancova_v2_core_n160_r2_70_clear","clear",160,"core","significant","completed",68.3673469387755,36.734693877551,100,100
"lm_ancova_v2_core_n160_r2_70_clear","clear",160,"core","significant","completed",54.1632653061224,16.3265306122449,92,100
"lm_ancova_v2_core_n160_r2_70_clear","clear",160,"core","significant","completed",62.265306122449,26.530612244898,98,100
"lm_ancova_v2_core_n160_r2_70_clear","clear",160,"core","significant","completed",34.0408163265306,4.08163265306122,64,100
"lm_ancova_v2_core_n160_r2_70_clear","clear",160,"core","significant","completed",57.2040816326531,20.4081632653061,94,100
"lm_ancova_v2_core_n160_r2_70_clear","clear",160,"core","significant","completed",63.3061224489796,30.6122448979592,96,100
"lm_ancova_v2_core_n160_r2_70_clear","clear",160,"core","significant","completed",38.0816326530612,8.16326530612245,68,100
"lm_ancova_v2_core_n160_r2_70_clear","clear",160,"core","significant","completed",65.3061224489796,30.6122448979592,100,100
"lm_ancova_v2_core_n160_r2_70_clear","clear",160,"core","significant","completed",35.0612244897959,6.12244897959184,64,100
"lm_ancova_v2_core_n160_r2_70_clear","clear",160,"core","significant","completed",71.4285714285714,42.8571428571429,100,100
"lm_ancova_v2_core_n160_r2_70_clear","clear",160,"core","significant","completed",55.1836734693878,18.3673469387755,92,100
"lm_ancova_v2_core_n160_r2_70_clear","clear",160,"core","significant","completed",68.3673469387755,36.734693877551,100,100
"lm_ancova_v2_core_n160_r2_70_clear","clear",160,"core","significant","completed",49.1428571428571,14.2857142857143,84,100
"lm_ancova_v2_core_n160_r2_70_clear","clear",160,"core","significant","completed",53.1428571428571,14.2857142857143,92,100
"lm_ancova_v2_core_n160_r2_70_clear","clear",160,"core","significant","completed",50.1224489795918,12.2448979591837,88,100
"lm_ancova_v2_core_n160_r2_70_clear","clear",160,"core","significant","completed",64.2857142857143,28.5714285714286,100,100
"lm_ancova_v2_core_n160_r2_70_clear","clear",160,"core","significant","completed",57.2244897959184,22.4489795918367,92,100
"lm_ancova_v2_core_n160_r2_70_clear","clear",160,"core","significant","completed",62.2857142857143,28.5714285714286,96,100
"lm_ancova_v2_core_n160_r2_70_null","null",160,"core","significant","completed",55.1428571428571,14.2857142857143,96,100
"lm_ancova_v2_core_n160_r2_70_null","null",160,"core","significant","completed",27.0408163265306,4.08163265306122,50,100
"lm_ancova_v2_core_n160_r2_70_null","null",160,"core","significant","completed",35.0612244897959,6.12244897959184,64,100
"lm_ancova_v2_core_n160_r2_70_null","null",160,"core","significant","completed",30.0204081632653,2.04081632653061,58,71.25
"lm_ancova_v2_core_n160_r2_70_null","null",160,"core","significant","completed",42.1224489795918,12.2448979591837,72,100
"lm_ancova_v2_core_n160_r2_70_null","null",160,"core","significant","completed",23.0204081632653,2.04081632653061,44,85
"lm_ancova_v2_core_n160_r2_70_null","null",160,"core","significant","completed",41.0816326530612,8.16326530612245,74,100
"lm_ancova_v2_core_n160_r2_70_null","null",160,"core","significant","completed",30.0612244897959,6.12244897959184,54,100
"lm_ancova_v2_core_n160_r2_70_null","null",160,"core","significant","completed",29.0204081632653,2.04081632653061,56,99.375
"lm_ancova_v2_core_n160_r2_70_null","null",160,"core","significant","completed",31.0408163265306,4.08163265306122,58,100
"lm_ancova_v2_core_n160_r2_70_null","null",160,"core","significant","completed",50.1224489795918,12.2448979591837,88,100
"lm_ancova_v2_core_n160_r2_70_null","null",160,"core","significant","completed",32.0408163265306,4.08163265306122,60,100
"lm_ancova_v2_core_n160_r2_70_null","null",160,"core","significant","completed",30.0204081632653,2.04081632653061,58,82.5
"lm_ancova_v2_core_n160_r2_70_null","null",160,"core","significant","completed",43.1020408163265,10.2040816326531,76,100
"lm_ancova_v2_core_n160_r2_70_null","null",160,"core","significant","completed",23.0204081632653,2.04081632653061,44,91.25
"lm_ancova_v2_core_n40_r2_10_borderline","borderline",40,"core","significant","completed",58.3846153846154,30.7692307692308,86,100
"lm_ancova_v2_core_n40_r2_10_borderline","borderline",40,"core","significant","completed",80.7692307692308,61.5384615384615,100,100
"lm_ancova_v2_core_n40_r2_10_borderline","borderline",40,"core","significant","completed",62.2307692307692,38.4615384615385,86,100
"lm_ancova_v2_core_n40_r2_10_borderline","borderline",40,"core","significant","completed",36.8461538461538,7.69230769230769,66,75
"lm_ancova_v2_core_n40_r2_10_borderline","borderline",40,"core","significant","completed",73.9230769230769,53.8461538461538,94,100
"lm_ancova_v2_core_n40_r2_10_borderline","borderline",40,"core","significant","completed",70.0769230769231,46.1538461538462,94,100
"lm_ancova_v2_core_n40_r2_10_borderline","borderline",40,"core","significant","completed",65.2307692307692,38.4615384615385,92,100
"lm_ancova_v2_core_n40_r2_10_borderline","borderline",40,"core","significant","completed",83.6153846153846,69.2307692307692,98,100
"lm_ancova_v2_core_n40_r2_10_borderline","borderline",40,"core","significant","completed",31.8461538461539,7.69230769230769,56,32.5
"lm_ancova_v2_core_n40_r2_10_borderline","borderline",40,"core","significant","completed",31.8461538461539,7.69230769230769,56,87.5
"lm_ancova_v2_core_n40_r2_10_borderline","borderline",40,"core","significant","completed",38.8461538461538,7.69230769230769,70,95
"lm_ancova_v2_core_n40_r2_10_borderline","borderline",40,"core","significant","completed",40.6923076923077,15.3846153846154,66,100
"lm_ancova_v2_core_n40_r2_10_borderline","borderline",40,"core","significant","completed",75.9230769230769,53.8461538461538,98,100
"lm_ancova_v2_core_n40_r2_10_borderline","borderline",40,"core","significant","completed",32.8461538461538,7.69230769230769,58,90
"lm_ancova_v2_core_n40_r2_10_borderline","borderline",40,"core","significant","completed",33.6923076923077,15.3846153846154,52,100
"lm_ancova_v2_core_n40_r2_10_borderline","borderline",40,"core","significant","completed",73.0769230769231,46.1538461538462,100,100
"lm_ancova_v2_core_n40_r2_10_borderline","borderline",40,"core","significant","completed",51.5384615384615,23.0769230769231,80,100
"lm_ancova_v2_core_n40_r2_10_borderline","borderline",40,"core","significant","completed",29.8461538461538,7.69230769230769,52,52.5
"lm_ancova_v2_core_n40_r2_10_borderline","borderline",40,"core","significant","completed",79.7692307692308,61.5384615384615,98,100
"lm_ancova_v2_core_n40_r2_10_borderline","borderline",40,"core","significant","completed",84.6153846153846,69.2307692307692,100,100
"lm_ancova_v2_core_n40_r2_10_borderline","borderline",40,"core","significant","completed",67.2307692307692,38.4615384615385,96,100
"lm_ancova_v2_core_n40_r2_10_borderline","borderline",40,"core","significant","completed",58.3846153846154,30.7692307692308,86,100
"lm_ancova_v2_core_n40_r2_10_borderline","borderline",40,"core","significant","completed",60.3846153846154,30.7692307692308,90,100
"lm_ancova_v2_core_n40_r2_10_borderline","borderline",40,"core","significant","completed",84.6153846153846,69.2307692307692,100,100
"lm_ancova_v2_core_n40_r2_10_borderline","borderline",40,"core","significant","completed",67.2307692307692,38.4615384615385,96,100
"lm_ancova_v2_core_n40_r2_10_borderline","borderline",40,"core","significant","completed",40.6923076923077,15.3846153846154,66,100
"lm_ancova_v2_core_n40_r2_10_borderline","borderline",40,"core","significant","completed",34.8461538461538,7.69230769230769,62,72.5
"lm_ancova_v2_core_n40_r2_10_borderline","borderline",40,"core","significant","completed",70.9230769230769,53.8461538461538,88,100
"lm_ancova_v2_core_n40_r2_10_borderline","borderline",40,"core","significant","completed",67.0769230769231,46.1538461538462,88,100
"lm_ancova_v2_core_n40_r2_10_borderline","borderline",40,"core","significant","completed",37.8461538461538,7.69230769230769,68,67.5
"lm_ancova_v2_core_n40_r2_10_borderline","borderline",40,"core","significant","completed",52.5384615384615,23.0769230769231,82,100
"lm_ancova_v2_core_n40_r2_10_borderline","borderline",40,"core","significant","completed",53.5384615384615,23.0769230769231,84,100
"lm_ancova_v2_core_n40_r2_10_borderline","borderline",40,"core","significant","completed",47.5384615384615,23.0769230769231,72,100
"lm_ancova_v2_core_n40_r2_10_borderline","borderline",40,"core","significant","completed",49.5384615384615,23.0769230769231,76,100
"lm_ancova_v2_core_n40_r2_10_borderline","borderline",40,"core","significant","completed",32.8461538461538,7.69230769230769,58,50
"lm_ancova_v2_core_n40_r2_10_borderline","borderline",40,"core","significant","completed",41.6923076923077,15.3846153846154,68,100
"lm_ancova_v2_core_n40_r2_10_borderline","borderline",40,"core","significant","completed",36.8461538461538,7.69230769230769,66,80
"lm_ancova_v2_core_n40_r2_10_borderline","borderline",40,"core","significant","completed",39.8461538461538,7.69230769230769,72,95
"lm_ancova_v2_core_n40_r2_10_borderline","borderline",40,"core","significant","completed",55.5384615384615,23.0769230769231,88,100
"lm_ancova_v2_core_n40_r2_10_borderline","borderline",40,"core","significant","completed",57.3846153846154,30.7692307692308,84,100
"lm_ancova_v2_core_n40_r2_10_borderline","borderline",40,"core","significant","completed",67.0769230769231,46.1538461538462,88,100
"lm_ancova_v2_core_n40_r2_10_borderline","borderline",40,"core","significant","completed",44.6923076923077,15.3846153846154,74,100
"lm_ancova_v2_core_n40_r2_10_borderline","borderline",40,"core","significant","completed",55.3846153846154,30.7692307692308,80,100
"lm_ancova_v2_core_n40_r2_10_borderline","borderline",40,"core","significant","completed",40.6923076923077,15.3846153846154,66,100
"lm_ancova_v2_core_n40_r2_10_borderline","borderline",40,"core","significant","completed",77.7692307692308,61.5384615384615,94,100
"lm_ancova_v2_core_n40_r2_10_borderline","borderline",40,"core","significant","completed",62.3846153846154,30.7692307692308,94,100
"lm_ancova_v2_core_n40_r2_10_borderline","borderline",40,"core","significant","completed",52.5384615384615,23.0769230769231,82,100
"lm_ancova_v2_core_n40_r2_10_borderline","borderline",40,"core","significant","completed",72.9230769230769,53.8461538461538,92,100
"lm_ancova_v2_core_n40_r2_10_borderline","borderline",40,"core","significant","completed",56.3846153846154,30.7692307692308,82,100
"lm_ancova_v2_core_n40_r2_10_borderline","borderline",40,"core","significant","completed",60.2307692307692,38.4615384615385,82,100
"lm_ancova_v2_core_n40_r2_10_borderline","borderline",40,"core","significant","completed",43.6923076923077,15.3846153846154,72,100
"lm_ancova_v2_core_n40_r2_10_borderline","borderline",40,"core","significant","completed",88.4615384615385,76.9230769230769,100,100
"lm_ancova_v2_core_n40_r2_10_borderline","borderline",40,"core","significant","completed",46.6923076923077,15.3846153846154,78,100
"lm_ancova_v2_core_n40_r2_10_borderline","borderline",40,"core","significant","completed",67.0769230769231,46.1538461538462,88,100
"lm_ancova_v2_core_n40_r2_10_borderline","borderline",40,"core","significant","completed",65.2307692307692,38.4615384615385,92,100
"lm_ancova_v2_core_n40_r2_10_borderline","borderline",40,"core","significant","completed",41.6923076923077,15.3846153846154,68,100
"lm_ancova_v2_core_n40_r2_10_borderline","borderline",40,"core","significant","completed",78.7692307692308,61.5384615384615,96,100
"lm_ancova_v2_core_n40_r2_10_borderline","borderline",40,"core","significant","completed",45.5384615384615,23.0769230769231,68,100
"lm_ancova_v2_core_n40_r2_10_borderline","borderline",40,"core","significant","completed",67.2307692307692,38.4615384615385,96,100
"lm_ancova_v2_core_n40_r2_10_borderline","borderline",40,"core","significant","completed",41.6923076923077,15.3846153846154,68,100
"lm_ancova_v2_core_n40_r2_10_borderline","borderline",40,"core","significant","completed",41.8461538461538,7.69230769230769,76,97.5
"lm_ancova_v2_core_n40_r2_10_borderline","borderline",40,"core","significant","completed",66.2307692307692,38.4615384615385,94,100
"lm_ancova_v2_core_n40_r2_10_borderline","borderline",40,"core","significant","completed",87.4615384615385,76.9230769230769,98,100
"lm_ancova_v2_core_n40_r2_10_borderline","borderline",40,"core","significant","completed",38.8461538461538,7.69230769230769,70,95
"lm_ancova_v2_core_n40_r2_10_borderline","borderline",40,"core","significant","completed",40.6923076923077,15.3846153846154,66,100
"lm_ancova_v2_core_n40_r2_10_borderline","borderline",40,"core","significant","completed",50.3846153846154,30.7692307692308,70,100
"lm_ancova_v2_core_n40_r2_10_borderline","borderline",40,"core","significant","completed",37.8461538461538,7.69230769230769,68,85
"lm_ancova_v2_core_n40_r2_10_borderline","borderline",40,"core","significant","completed",54.5384615384615,23.0769230769231,86,100
"lm_ancova_v2_core_n40_r2_10_borderline","borderline",40,"core","significant","completed",92.3076923076923,84.6153846153846,100,100
"lm_ancova_v2_core_n40_r2_10_borderline","borderline",40,"core","significant","completed",69.0769230769231,46.1538461538462,92,100
"lm_ancova_v2_core_n40_r2_10_borderline","borderline",40,"core","significant","completed",23.8461538461538,7.69230769230769,40,50
"lm_ancova_v2_core_n40_r2_10_borderline","borderline",40,"core","significant","completed",31.8461538461539,7.69230769230769,56,80
"lm_ancova_v2_core_n40_r2_10_borderline","borderline",40,"core","significant","completed",49.5384615384615,23.0769230769231,76,100
"lm_ancova_v2_core_n40_r2_10_borderline","borderline",40,"core","significant","completed",66.2307692307692,38.4615384615385,94,100
"lm_ancova_v2_core_n40_r2_10_borderline","borderline",40,"core","significant","completed",71.0769230769231,46.1538461538462,96,100
"lm_ancova_v2_core_n40_r2_10_borderline","borderline",40,"core","significant","completed",58.2307692307692,38.4615384615385,78,100
"lm_ancova_v2_core_n40_r2_10_borderline","borderline",40,"core","significant","completed",59.3846153846154,30.7692307692308,88,100
"lm_ancova_v2_core_n40_r2_10_borderline","borderline",40,"core","significant","completed",33.8461538461538,7.69230769230769,60,82.5
"lm_ancova_v2_core_n40_r2_10_borderline","borderline",40,"core","significant","completed",64.2307692307692,38.4615384615385,90,100
"lm_ancova_v2_core_n40_r2_10_borderline","borderline",40,"core","significant","completed",53.5384615384615,23.0769230769231,84,100
"lm_ancova_v2_core_n40_r2_10_borderline","borderline",40,"core","significant","completed",39.5384615384615,23.0769230769231,56,100
"lm_ancova_v2_core_n40_r2_10_borderline","borderline",40,"core","significant","completed",84.6153846153846,69.2307692307692,100,100
"lm_ancova_v2_core_n40_r2_10_borderline","borderline",40,"core","significant","completed",38.6923076923077,15.3846153846154,62,100
"lm_ancova_v2_core_n40_r2_10_borderline","borderline",40,"core","significant","completed",55.3846153846154,30.7692307692308,80,100
"lm_ancova_v2_core_n40_r2_10_borderline","borderline",40,"core","significant","completed",78.7692307692308,61.5384615384615,96,100
"lm_ancova_v2_core_n40_r2_10_borderline","borderline",40,"core","significant","completed",74.9230769230769,53.8461538461538,96,100
"lm_ancova_v2_core_n40_r2_10_borderline","borderline",40,"core","significant","completed",59.3846153846154,30.7692307692308,88,100
"lm_ancova_v2_core_n40_r2_10_borderline","borderline",40,"core","significant","completed",72.9230769230769,53.8461538461538,92,100
"lm_ancova_v2_core_n40_r2_10_borderline","borderline",40,"core","significant","completed",65.2307692307692,38.4615384615385,92,100
"lm_ancova_v2_core_n40_r2_10_borderline","borderline",40,"core","significant","completed",70.0769230769231,46.1538461538462,94,100
"lm_ancova_v2_core_n40_r2_10_borderline","borderline",40,"core","significant","completed",59.3846153846154,30.7692307692308,88,100
"lm_ancova_v2_core_n40_r2_10_borderline","borderline",40,"core","significant","completed",63.2307692307692,38.4615384615385,88,100
"lm_ancova_v2_core_n40_r2_10_borderline","borderline",40,"core","significant","completed",45.5384615384615,23.0769230769231,68,100
"lm_ancova_v2_core_n40_r2_10_borderline","borderline",40,"core","significant","completed",51.5384615384615,23.0769230769231,80,100
"lm_ancova_v2_core_n40_r2_10_borderline","borderline",40,"core","significant","completed",75.9230769230769,53.8461538461538,98,100
"lm_ancova_v2_core_n40_r2_10_borderline","borderline",40,"core","significant","completed",44.6923076923077,15.3846153846154,74,100
"lm_ancova_v2_core_n40_r2_10_borderline","borderline",40,"core","significant","completed",48.6923076923077,15.3846153846154,82,100
"lm_ancova_v2_core_n40_r2_10_borderline","borderline",40,"core","significant","completed",35.8461538461538,7.69230769230769,64,87.5
"lm_ancova_v2_core_n40_r2_10_borderline","borderline",40,"core","significant","completed",28.8461538461538,7.69230769230769,50,72.5
"lm_ancova_v2_core_n40_r2_10_borderline","borderline",40,"core","significant","completed",44.5384615384615,23.0769230769231,66,100
"lm_ancova_v2_core_n40_r2_10_clear","clear",40,"core","significant","completed",42.6923076923077,15.3846153846154,70,100
"lm_ancova_v2_core_n40_r2_10_clear","clear",40,"core","significant","completed",88.4615384615385,76.9230769230769,100,100
"lm_ancova_v2_core_n40_r2_10_clear","clear",40,"core","significant","completed",35.8461538461538,7.69230769230769,64,72.5
"lm_ancova_v2_core_n40_r2_10_clear","clear",40,"core","significant","completed",70.0769230769231,46.1538461538462,94,100
"lm_ancova_v2_core_n40_r2_10_clear","clear",40,"core","significant","completed",74.9230769230769,53.8461538461538,96,100
"lm_ancova_v2_core_n40_r2_10_clear","clear",40,"core","significant","completed",50.5384615384615,23.0769230769231,78,100
"lm_ancova_v2_core_n40_r2_10_clear","clear",40,"core","significant","completed",58.3846153846154,30.7692307692308,86,100
"lm_ancova_v2_core_n40_r2_10_clear","clear",40,"core","significant","completed",69.2307692307692,38.4615384615385,100,100
"lm_ancova_v2_core_n40_r2_10_clear","clear",40,"core","significant","completed",76.9230769230769,53.8461538461538,100,100
"lm_ancova_v2_core_n40_r2_10_clear","clear",40,"core","significant","completed",83.6153846153846,69.2307692307692,98,100
"lm_ancova_v2_core_n40_r2_10_clear","clear",40,"core","significant","completed",48.5384615384615,23.0769230769231,74,100
"lm_ancova_v2_core_n40_r2_10_clear","clear",40,"core","significant","completed",74.9230769230769,53.8461538461538,96,100
"lm_ancova_v2_core_n40_r2_10_clear","clear",40,"core","significant","completed",41.6923076923077,15.3846153846154,68,100
"lm_ancova_v2_core_n40_r2_10_clear","clear",40,"core","significant","completed",70.0769230769231,46.1538461538462,94,100
"lm_ancova_v2_core_n40_r2_10_clear","clear",40,"core","significant","completed",63.2307692307692,38.4615384615385,88,100
"lm_ancova_v2_core_n40_r2_10_clear","clear",40,"core","significant","completed",60.3846153846154,30.7692307692308,90,100
"lm_ancova_v2_core_n40_r2_10_clear","clear",40,"core","significant","completed",78.7692307692308,61.5384615384615,96,100
"lm_ancova_v2_core_n40_r2_10_clear","clear",40,"core","significant","completed",53.5384615384615,23.0769230769231,84,100
"lm_ancova_v2_core_n40_r2_10_clear","clear",40,"core","significant","completed",56.3846153846154,30.7692307692308,82,100
"lm_ancova_v2_core_n40_r2_10_clear","clear",40,"core","significant","completed",31.8461538461539,7.69230769230769,56,57.5
"lm_ancova_v2_core_n40_r2_10_clear","clear",40,"core","significant","completed",60.2307692307692,38.4615384615385,82,100
"lm_ancova_v2_core_n40_r2_10_clear","clear",40,"core","significant","completed",58.3846153846154,30.7692307692308,86,100
"lm_ancova_v2_core_n40_r2_10_clear","clear",40,"core","significant","completed",60.3846153846154,30.7692307692308,90,100
"lm_ancova_v2_core_n40_r2_10_clear","clear",40,"core","significant","completed",62.3846153846154,30.7692307692308,94,100
"lm_ancova_v2_core_n40_r2_10_clear","clear",40,"core","significant","completed",25.8461538461538,7.69230769230769,44,52.5
"lm_ancova_v2_core_n40_r2_10_clear","clear",40,"core","significant","completed",54.3846153846154,30.7692307692308,78,100
"lm_ancova_v2_core_n40_r2_10_clear","clear",40,"core","significant","completed",33.8461538461538,7.69230769230769,60,92.5
"lm_ancova_v2_core_n40_r2_10_clear","clear",40,"core","significant","completed",79.7692307692308,61.5384615384615,98,100
"lm_ancova_v2_core_n40_r2_10_clear","clear",40,"core","significant","completed",54.5384615384615,23.0769230769231,86,100
"lm_ancova_v2_core_n40_r2_10_clear","clear",40,"core","significant","completed",66.2307692307692,38.4615384615385,94,100
"lm_ancova_v2_core_n40_r2_10_clear","clear",40,"core","significant","completed",47.5384615384615,23.0769230769231,72,100
"lm_ancova_v2_core_n40_r2_10_clear","clear",40,"core","significant","completed",70.0769230769231,46.1538461538462,94,100
"lm_ancova_v2_core_n40_r2_10_clear","clear",40,"core","significant","completed",83.6153846153846,69.2307692307692,98,100
"lm_ancova_v2_core_n40_r2_10_clear","clear",40,"core","significant","completed",80.7692307692308,61.5384615384615,100,100
"lm_ancova_v2_core_n40_r2_10_clear","clear",40,"core","significant","completed",87.4615384615385,76.9230769230769,98,100
"lm_ancova_v2_core_n40_r2_10_clear","clear",40,"core","significant","completed",64.2307692307692,38.4615384615385,90,100
"lm_ancova_v2_core_n40_r2_10_clear","clear",40,"core","significant","completed",74.9230769230769,53.8461538461538,96,100
"lm_ancova_v2_core_n40_r2_10_clear","clear",40,"core","significant","completed",70.0769230769231,46.1538461538462,94,100
"lm_ancova_v2_core_n40_r2_10_clear","clear",40,"core","significant","completed",39.6923076923077,15.3846153846154,64,100
"lm_ancova_v2_core_n40_r2_10_clear","clear",40,"core","significant","completed",59.3846153846154,30.7692307692308,88,100
"lm_ancova_v2_core_n40_r2_10_clear","clear",40,"core","significant","completed",59.3846153846154,30.7692307692308,88,100
"lm_ancova_v2_core_n40_r2_10_clear","clear",40,"core","significant","completed",72.0769230769231,46.1538461538462,98,100
"lm_ancova_v2_core_n40_r2_10_clear","clear",40,"core","significant","completed",41.6923076923077,15.3846153846154,68,100
"lm_ancova_v2_core_n40_r2_10_clear","clear",40,"core","significant","completed",63.2307692307692,38.4615384615385,88,100
"lm_ancova_v2_core_n40_r2_10_clear","clear",40,"core","significant","completed",43.6923076923077,15.3846153846154,72,100
"lm_ancova_v2_core_n40_r2_10_clear","clear",40,"core","significant","completed",43.6923076923077,15.3846153846154,72,100
"lm_ancova_v2_core_n40_r2_10_clear","clear",40,"core","significant","completed",51.5384615384615,23.0769230769231,80,100
"lm_ancova_v2_core_n40_r2_10_clear","clear",40,"core","significant","completed",43.6923076923077,15.3846153846154,72,100
"lm_ancova_v2_core_n40_r2_10_clear","clear",40,"core","significant","completed",71.0769230769231,46.1538461538462,96,100
"lm_ancova_v2_core_n40_r2_10_clear","clear",40,"core","significant","completed",100,100,100,100
"lm_ancova_v2_core_n40_r2_10_clear","clear",40,"core","significant","completed",48.5384615384615,23.0769230769231,74,100
"lm_ancova_v2_core_n40_r2_10_clear","clear",40,"core","significant","completed",100,100,100,100
"lm_ancova_v2_core_n40_r2_10_clear","clear",40,"core","significant","completed",100,100,100,100
"lm_ancova_v2_core_n40_r2_10_clear","clear",40,"core","significant","completed",45.6923076923077,15.3846153846154,76,100
"lm_ancova_v2_core_n40_r2_10_clear","clear",40,"core","significant","completed",73.9230769230769,53.8461538461538,94,100
"lm_ancova_v2_core_n40_r2_10_clear","clear",40,"core","significant","completed",69.0769230769231,46.1538461538462,92,100
"lm_ancova_v2_core_n40_r2_10_clear","clear",40,"core","significant","completed",84.6153846153846,69.2307692307692,100,100
"lm_ancova_v2_core_n40_r2_10_clear","clear",40,"core","significant","completed",51.6923076923077,15.3846153846154,88,100
"lm_ancova_v2_core_n40_r2_10_clear","clear",40,"core","significant","completed",57.3846153846154,30.7692307692308,84,100
"lm_ancova_v2_core_n40_r2_10_clear","clear",40,"core","significant","completed",40.6923076923077,15.3846153846154,66,100
"lm_ancova_v2_core_n40_r2_10_clear","clear",40,"core","significant","completed",79.7692307692308,61.5384615384615,98,100
"lm_ancova_v2_core_n40_r2_10_clear","clear",40,"core","significant","completed",67.2307692307692,38.4615384615385,96,100
"lm_ancova_v2_core_n40_r2_10_clear","clear",40,"core","significant","completed",53.5384615384615,23.0769230769231,84,100
"lm_ancova_v2_core_n40_r2_10_clear","clear",40,"core","significant","completed",100,100,100,100
"lm_ancova_v2_core_n40_r2_10_clear","clear",40,"core","significant","completed",59.2307692307692,38.4615384615385,80,100
"lm_ancova_v2_core_n40_r2_10_clear","clear",40,"core","significant","completed",60.3846153846154,30.7692307692308,90,100
"lm_ancova_v2_core_n40_r2_10_clear","clear",40,"core","significant","completed",92.3076923076923,84.6153846153846,100,100
"lm_ancova_v2_core_n40_r2_10_clear","clear",40,"core","significant","completed",73.0769230769231,46.1538461538462,100,100
"lm_ancova_v2_core_n40_r2_10_clear","clear",40,"core","significant","completed",91.3076923076923,84.6153846153846,98,100
"lm_ancova_v2_core_n40_r2_10_clear","clear",40,"core","significant","completed",70.0769230769231,46.1538461538462,94,100
"lm_ancova_v2_core_n40_r2_10_clear","clear",40,"core","significant","completed",58.3846153846154,30.7692307692308,86,100
"lm_ancova_v2_core_n40_r2_10_clear","clear",40,"core","significant","completed",42.6923076923077,15.3846153846154,70,100
"lm_ancova_v2_core_n40_r2_10_clear","clear",40,"core","significant","completed",65.2307692307692,38.4615384615385,92,100
"lm_ancova_v2_core_n40_r2_10_clear","clear",40,"core","significant","completed",82.6153846153846,69.2307692307692,96,100
"lm_ancova_v2_core_n40_r2_10_clear","clear",40,"core","significant","completed",100,100,100,100
"lm_ancova_v2_core_n40_r2_10_clear","clear",40,"core","significant","completed",34.8461538461538,7.69230769230769,62,87.5
"lm_ancova_v2_core_n40_r2_10_clear","clear",40,"core","significant","completed",49.5384615384615,23.0769230769231,76,100
"lm_ancova_v2_core_n40_r2_10_clear","clear",40,"core","significant","completed",51.5384615384615,23.0769230769231,80,100
"lm_ancova_v2_core_n40_r2_10_clear","clear",40,"core","significant","completed",79.7692307692308,61.5384615384615,98,100
"lm_ancova_v2_core_n40_r2_10_clear","clear",40,"core","significant","completed",79.7692307692308,61.5384615384615,98,100
"lm_ancova_v2_core_n40_r2_10_clear","clear",40,"core","significant","completed",54.3846153846154,30.7692307692308,78,100
"lm_ancova_v2_core_n40_r2_10_clear","clear",40,"core","significant","completed",88.4615384615385,76.9230769230769,100,100
"lm_ancova_v2_core_n40_r2_10_clear","clear",40,"core","significant","completed",69.0769230769231,46.1538461538462,92,100
"lm_ancova_v2_core_n40_r2_10_clear","clear",40,"core","significant","completed",80.7692307692308,61.5384615384615,100,100
"lm_ancova_v2_core_n40_r2_10_clear","clear",40,"core","significant","completed",67.0769230769231,46.1538461538462,88,100
"lm_ancova_v2_core_n40_r2_10_clear","clear",40,"core","significant","completed",88.4615384615385,76.9230769230769,100,100
"lm_ancova_v2_core_n40_r2_10_clear","clear",40,"core","significant","completed",44.6923076923077,15.3846153846154,74,100
"lm_ancova_v2_core_n40_r2_10_clear","clear",40,"core","significant","completed",53.3846153846154,30.7692307692308,76,100
"lm_ancova_v2_core_n40_r2_10_clear","clear",40,"core","significant","completed",88.4615384615385,76.9230769230769,100,100
"lm_ancova_v2_core_n40_r2_10_clear","clear",40,"core","significant","completed",79.7692307692308,61.5384615384615,98,100
"lm_ancova_v2_core_n40_r2_10_clear","clear",40,"core","significant","completed",52.5384615384615,23.0769230769231,82,100
"lm_ancova_v2_core_n40_r2_10_clear","clear",40,"core","significant","completed",76.9230769230769,53.8461538461538,100,100
"lm_ancova_v2_core_n40_r2_10_clear","clear",40,"core","significant","completed",42.6923076923077,15.3846153846154,70,100
"lm_ancova_v2_core_n40_r2_10_clear","clear",40,"core","significant","completed",77.7692307692308,61.5384615384615,94,100
"lm_ancova_v2_core_n40_r2_10_clear","clear",40,"core","significant","completed",71.0769230769231,46.1538461538462,96,100
"lm_ancova_v2_core_n40_r2_10_clear","clear",40,"core","significant","completed",80.7692307692308,61.5384615384615,100,100
"lm_ancova_v2_core_n40_r2_10_clear","clear",40,"core","significant","completed",74.9230769230769,53.8461538461538,96,100
"lm_ancova_v2_core_n40_r2_10_clear","clear",40,"core","significant","completed",67.2307692307692,38.4615384615385,96,100
"lm_ancova_v2_core_n40_r2_10_clear","clear",40,"core","significant","completed",70.0769230769231,46.1538461538462,94,100
"lm_ancova_v2_core_n40_r2_10_clear","clear",40,"core","significant","completed",54.3846153846154,30.7692307692308,78,100
"lm_ancova_v2_core_n40_r2_10_null","null",40,"core","significant","completed",43.6923076923077,15.3846153846154,72,100
"lm_ancova_v2_core_n40_r2_10_null","null",40,"core","significant","completed",45.6923076923077,15.3846153846154,76,100
"lm_ancova_v2_core_n40_r2_10_null","null",40,"core","significant","completed",30.8461538461538,7.69230769230769,54,45
"lm_ancova_v2_core_n40_r2_10_null","null",40,"core","significant","completed",23.8461538461538,7.69230769230769,40,50
"lm_ancova_v2_core_n40_r2_10_null","null",40,"core","significant","completed",39.6923076923077,15.3846153846154,64,100
"lm_ancova_v2_core_n40_r2_10_null","null",40,"core","significant","completed",28.8461538461538,7.69230769230769,50,55
"lm_ancova_v2_core_n40_r2_10_null","null",40,"core","significant","completed",27.8461538461538,7.69230769230769,48,87.5
"lm_ancova_v2_core_n40_r2_10_null","null",40,"core","significant","completed",39.6923076923077,15.3846153846154,64,100
"lm_ancova_v2_core_n40_r2_10_null","null",40,"core","significant","completed",38.6923076923077,15.3846153846154,62,100
"lm_ancova_v2_core_n40_r2_10_null","null",40,"core","significant","completed",50.5384615384615,23.0769230769231,78,100
"lm_ancova_v2_core_n40_r2_10_null","null",40,"core","significant","completed",28.8461538461538,7.69230769230769,50,45
"lm_ancova_v2_core_n40_r2_10_null","null",40,"core","significant","completed",38.8461538461538,7.69230769230769,70,95
"lm_ancova_v2_core_n40_r2_10_null","null",40,"core","significant","completed",37.6923076923077,15.3846153846154,60,100
"lm_ancova_v2_core_n40_r2_10_null","null",40,"core","significant","completed",40.6923076923077,15.3846153846154,66,100
"lm_ancova_v2_core_n40_r2_10_null","null",40,"core","significant","completed",63.2307692307692,38.4615384615385,88,100
"lm_ancova_v2_core_n40_r2_10_null","null",40,"core","significant","completed",46.5384615384615,23.0769230769231,70,100
"lm_ancova_v2_core_n40_r2_10_null","null",40,"core","significant","completed",50.5384615384615,23.0769230769231,78,100
"lm_ancova_v2_core_n40_r2_10_null","null",40,"core","significant","completed",36.6923076923077,15.3846153846154,58,100
"lm_ancova_v2_core_n40_r2_10_null","null",40,"core","significant","completed",27.8461538461538,7.69230769230769,48,57.5
"lm_ancova_v2_core_n40_r2_40_borderline","borderline",40,"core","significant","completed",71.9230769230769,53.8461538461538,90,100
"lm_ancova_v2_core_n40_r2_40_borderline","borderline",40,"core","significant","completed",32.8461538461538,7.69230769230769,58,65
"lm_ancova_v2_core_n40_r2_40_borderline","borderline",40,"core","significant","completed",28.8461538461538,7.69230769230769,50,60
"lm_ancova_v2_core_n40_r2_40_borderline","borderline",40,"core","significant","completed",73.0769230769231,46.1538461538462,100,100
"lm_ancova_v2_core_n40_r2_40_borderline","borderline",40,"core","significant","completed",32.8461538461538,7.69230769230769,58,65
"lm_ancova_v2_core_n40_r2_40_borderline","borderline",40,"core","significant","completed",46.5384615384615,23.0769230769231,70,100
"lm_ancova_v2_core_n40_r2_40_borderline","borderline",40,"core","significant","completed",32.8461538461538,7.69230769230769,58,87.5
"lm_ancova_v2_core_n40_r2_40_borderline","borderline",40,"core","significant","completed",50.5384615384615,23.0769230769231,78,100
"lm_ancova_v2_core_n40_r2_40_borderline","borderline",40,"core","significant","completed",54.5384615384615,23.0769230769231,86,100
"lm_ancova_v2_core_n40_r2_40_borderline","borderline",40,"core","significant","completed",46.5384615384615,23.0769230769231,70,100
"lm_ancova_v2_core_n40_r2_40_borderline","borderline",40,"core","significant","completed",56.5384615384615,23.0769230769231,90,100
"lm_ancova_v2_core_n40_r2_40_borderline","borderline",40,"core","significant","completed",55.5384615384615,23.0769230769231,88,100
"lm_ancova_v2_core_n40_r2_40_borderline","borderline",40,"core","significant","completed",34.8461538461538,7.69230769230769,62,75
"lm_ancova_v2_core_n40_r2_40_borderline","borderline",40,"core","significant","completed",57.3846153846154,30.7692307692308,84,100
"lm_ancova_v2_core_n40_r2_40_borderline","borderline",40,"core","significant","completed",63.2307692307692,38.4615384615385,88,100
"lm_ancova_v2_core_n40_r2_40_borderline","borderline",40,"core","significant","completed",72.0769230769231,46.1538461538462,98,100
"lm_ancova_v2_core_n40_r2_40_borderline","borderline",40,"core","significant","completed",59.2307692307692,38.4615384615385,80,100
"lm_ancova_v2_core_n40_r2_40_borderline","borderline",40,"core","significant","completed",56.3846153846154,30.7692307692308,82,100
"lm_ancova_v2_core_n40_r2_40_borderline","borderline",40,"core","significant","completed",41.6923076923077,15.3846153846154,68,100
"lm_ancova_v2_core_n40_r2_40_borderline","borderline",40,"core","significant","completed",45.6923076923077,15.3846153846154,76,100
"lm_ancova_v2_core_n40_r2_40_borderline","borderline",40,"core","significant","completed",30.8461538461538,7.69230769230769,54,37.5
"lm_ancova_v2_core_n40_r2_40_borderline","borderline",40,"core","significant","completed",35.8461538461538,7.69230769230769,64,62.5
"lm_ancova_v2_core_n40_r2_40_borderline","borderline",40,"core","significant","completed",63.2307692307692,38.4615384615385,88,100
"lm_ancova_v2_core_n40_r2_40_borderline","borderline",40,"core","significant","completed",60.3846153846154,30.7692307692308,90,100
"lm_ancova_v2_core_n40_r2_40_borderline","borderline",40,"core","significant","completed",40.6923076923077,15.3846153846154,66,100
"lm_ancova_v2_core_n40_r2_40_borderline","borderline",40,"core","significant","completed",56.3846153846154,30.7692307692308,82,100
"lm_ancova_v2_core_n40_r2_40_borderline","borderline",40,"core","significant","completed",71.0769230769231,46.1538461538462,96,100
"lm_ancova_v2_core_n40_r2_40_borderline","borderline",40,"core","significant","completed",75.9230769230769,53.8461538461538,98,100
"lm_ancova_v2_core_n40_r2_40_borderline","borderline",40,"core","significant","completed",75.9230769230769,53.8461538461538,98,100
"lm_ancova_v2_core_n40_r2_40_borderline","borderline",40,"core","significant","completed",34.8461538461538,7.69230769230769,62,72.5
"lm_ancova_v2_core_n40_r2_40_borderline","borderline",40,"core","significant","completed",74.9230769230769,53.8461538461538,96,100
"lm_ancova_v2_core_n40_r2_40_borderline","borderline",40,"core","significant","completed",52.5384615384615,23.0769230769231,82,100
"lm_ancova_v2_core_n40_r2_40_borderline","borderline",40,"core","significant","completed",74.9230769230769,53.8461538461538,96,100
"lm_ancova_v2_core_n40_r2_40_borderline","borderline",40,"core","significant","completed",34.6923076923077,15.3846153846154,54,100
"lm_ancova_v2_core_n40_r2_40_borderline","borderline",40,"core","significant","completed",44.6923076923077,15.3846153846154,74,100
"lm_ancova_v2_core_n40_r2_40_borderline","borderline",40,"core","significant","completed",48.5384615384615,23.0769230769231,74,100
"lm_ancova_v2_core_n40_r2_40_borderline","borderline",40,"core","significant","completed",69.0769230769231,46.1538461538462,92,100
"lm_ancova_v2_core_n40_r2_40_borderline","borderline",40,"core","significant","completed",74.9230769230769,53.8461538461538,96,100
"lm_ancova_v2_core_n40_r2_40_borderline","borderline",40,"core","significant","completed",46.6923076923077,15.3846153846154,78,100
"lm_ancova_v2_core_n40_r2_40_borderline","borderline",40,"core","significant","completed",28.8461538461538,7.69230769230769,50,37.5
"lm_ancova_v2_core_n40_r2_40_borderline","borderline",40,"core","significant","completed",84.6153846153846,69.2307692307692,100,100
"lm_ancova_v2_core_n40_r2_40_borderline","borderline",40,"core","significant","completed",36.8461538461538,7.69230769230769,66,97.5
"lm_ancova_v2_core_n40_r2_40_borderline","borderline",40,"core","significant","completed",66.2307692307692,38.4615384615385,94,100
"lm_ancova_v2_core_n40_r2_40_borderline","borderline",40,"core","significant","completed",57.3846153846154,30.7692307692308,84,100
"lm_ancova_v2_core_n40_r2_40_borderline","borderline",40,"core","significant","completed",30.8461538461538,7.69230769230769,54,55
"lm_ancova_v2_core_n40_r2_40_borderline","borderline",40,"core","significant","completed",44.6923076923077,15.3846153846154,74,100
"lm_ancova_v2_core_n40_r2_40_borderline","borderline",40,"core","significant","completed",30.8461538461538,7.69230769230769,54,75
"lm_ancova_v2_core_n40_r2_40_borderline","borderline",40,"core","significant","completed",68.0769230769231,46.1538461538462,90,100
"lm_ancova_v2_core_n40_r2_40_borderline","borderline",40,"core","significant","completed",65.2307692307692,38.4615384615385,92,100
"lm_ancova_v2_core_n40_r2_40_borderline","borderline",40,"core","significant","completed",57.3846153846154,30.7692307692308,84,100
"lm_ancova_v2_core_n40_r2_40_borderline","borderline",40,"core","significant","completed",45.6923076923077,15.3846153846154,76,100
"lm_ancova_v2_core_n40_r2_40_borderline","borderline",40,"core","significant","completed",51.3846153846154,30.7692307692308,72,100
"lm_ancova_v2_core_n40_r2_40_borderline","borderline",40,"core","significant","completed",37.8461538461538,7.69230769230769,68,95
"lm_ancova_v2_core_n40_r2_40_borderline","borderline",40,"core","significant","completed",84.6153846153846,69.2307692307692,100,100
"lm_ancova_v2_core_n40_r2_40_borderline","borderline",40,"core","significant","completed",66.2307692307692,38.4615384615385,94,100
"lm_ancova_v2_core_n40_r2_40_borderline","borderline",40,"core","significant","completed",38.6923076923077,15.3846153846154,62,100
"lm_ancova_v2_core_n40_r2_40_borderline","borderline",40,"core","significant","completed",44.6923076923077,15.3846153846154,74,100
"lm_ancova_v2_core_n40_r2_40_borderline","borderline",40,"core","significant","completed",29.8461538461538,7.69230769230769,52,85
"lm_ancova_v2_core_n40_r2_40_borderline","borderline",40,"core","significant","completed",30.8461538461538,7.69230769230769,54,90
"lm_ancova_v2_core_n40_r2_40_borderline","borderline",40,"core","significant","completed",46.5384615384615,23.0769230769231,70,100
"lm_ancova_v2_core_n40_r2_40_borderline","borderline",40,"core","significant","completed",39.6923076923077,15.3846153846154,64,100
"lm_ancova_v2_core_n40_r2_40_borderline","borderline",40,"core","significant","completed",46.5384615384615,23.0769230769231,70,100
"lm_ancova_v2_core_n40_r2_40_borderline","borderline",40,"core","significant","completed",59.3846153846154,30.7692307692308,88,100
"lm_ancova_v2_core_n40_r2_40_borderline","borderline",40,"core","significant","completed",79.7692307692308,61.5384615384615,98,100
"lm_ancova_v2_core_n40_r2_40_borderline","borderline",40,"core","significant","completed",83.6153846153846,69.2307692307692,98,100
"lm_ancova_v2_core_n40_r2_40_borderline","borderline",40,"core","significant","completed",38.6923076923077,15.3846153846154,62,100
"lm_ancova_v2_core_n40_r2_40_borderline","borderline",40,"core","significant","completed",59.3846153846154,30.7692307692308,88,100
"lm_ancova_v2_core_n40_r2_40_borderline","borderline",40,"core","significant","completed",35.8461538461538,7.69230769230769,64,67.5
"lm_ancova_v2_core_n40_r2_40_borderline","borderline",40,"core","significant","completed",51.5384615384615,23.0769230769231,80,100
"lm_ancova_v2_core_n40_r2_40_borderline","borderline",40,"core","significant","completed",55.3846153846154,30.7692307692308,80,100
"lm_ancova_v2_core_n40_r2_40_borderline","borderline",40,"core","significant","completed",38.6923076923077,15.3846153846154,62,100
"lm_ancova_v2_core_n40_r2_40_borderline","borderline",40,"core","significant","completed",43.6923076923077,15.3846153846154,72,100
"lm_ancova_v2_core_n40_r2_40_borderline","borderline",40,"core","significant","completed",53.3846153846154,30.7692307692308,76,100
"lm_ancova_v2_core_n40_r2_40_borderline","borderline",40,"core","significant","completed",57.3846153846154,30.7692307692308,84,100
"lm_ancova_v2_core_n40_r2_40_borderline","borderline",40,"core","significant","completed",84.6153846153846,69.2307692307692,100,100
"lm_ancova_v2_core_n40_r2_40_borderline","borderline",40,"core","significant","completed",40.6923076923077,15.3846153846154,66,100
"lm_ancova_v2_core_n40_r2_40_borderline","borderline",40,"core","significant","completed",92.3076923076923,84.6153846153846,100,100
"lm_ancova_v2_core_n40_r2_40_borderline","borderline",40,"core","significant","completed",70.0769230769231,46.1538461538462,94,100
"lm_ancova_v2_core_n40_r2_40_borderline","borderline",40,"core","significant","completed",30.8461538461538,7.69230769230769,54,42.5
"lm_ancova_v2_core_n40_r2_40_borderline","borderline",40,"core","significant","completed",53.5384615384615,23.0769230769231,84,100
"lm_ancova_v2_core_n40_r2_40_borderline","borderline",40,"core","significant","completed",45.5384615384615,23.0769230769231,68,100
"lm_ancova_v2_core_n40_r2_40_borderline","borderline",40,"core","significant","completed",33.8461538461538,7.69230769230769,60,92.5
"lm_ancova_v2_core_n40_r2_40_borderline","borderline",40,"core","significant","completed",38.8461538461538,7.69230769230769,70,92.5
"lm_ancova_v2_core_n40_r2_40_borderline","borderline",40,"core","significant","completed",57.3846153846154,30.7692307692308,84,100
"lm_ancova_v2_core_n40_r2_40_borderline","borderline",40,"core","significant","completed",80.7692307692308,61.5384615384615,100,100
"lm_ancova_v2_core_n40_r2_40_borderline","borderline",40,"core","significant","completed",70.0769230769231,46.1538461538462,94,100
"lm_ancova_v2_core_n40_r2_40_borderline","borderline",40,"core","significant","completed",80.7692307692308,61.5384615384615,100,100
"lm_ancova_v2_core_n40_r2_40_borderline","borderline",40,"core","significant","completed",40.6923076923077,15.3846153846154,66,100
"lm_ancova_v2_core_n40_r2_40_borderline","borderline",40,"core","significant","completed",84.6153846153846,69.2307692307692,100,100
"lm_ancova_v2_core_n40_r2_40_borderline","borderline",40,"core","significant","completed",38.6923076923077,15.3846153846154,62,100
"lm_ancova_v2_core_n40_r2_40_borderline","borderline",40,"core","significant","completed",53.5384615384615,23.0769230769231,84,100
"lm_ancova_v2_core_n40_r2_40_borderline","borderline",40,"core","significant","completed",60.2307692307692,38.4615384615385,82,100
"lm_ancova_v2_core_n40_r2_40_borderline","borderline",40,"core","significant","completed",58.3846153846154,30.7692307692308,86,100
"lm_ancova_v2_core_n40_r2_40_borderline","borderline",40,"core","significant","completed",43.6923076923077,15.3846153846154,72,100
"lm_ancova_v2_core_n40_r2_40_borderline","borderline",40,"core","significant","completed",74.9230769230769,53.8461538461538,96,100
"lm_ancova_v2_core_n40_r2_40_borderline","borderline",40,"core","significant","completed",41.6923076923077,15.3846153846154,68,100
"lm_ancova_v2_core_n40_r2_40_borderline","borderline",40,"core","significant","completed",51.5384615384615,23.0769230769231,80,100
"lm_ancova_v2_core_n40_r2_40_borderline","borderline",40,"core","significant","completed",54.3846153846154,30.7692307692308,78,100
"lm_ancova_v2_core_n40_r2_40_borderline","borderline",40,"core","significant","completed",51.5384615384615,23.0769230769231,80,100
"lm_ancova_v2_core_n40_r2_40_borderline","borderline",40,"core","significant","completed",55.5384615384615,23.0769230769231,88,100
"lm_ancova_v2_core_n40_r2_40_clear","clear",40,"core","significant","completed",59.3846153846154,30.7692307692308,88,100
"lm_ancova_v2_core_n40_r2_40_clear","clear",40,"core","significant","completed",70.0769230769231,46.1538461538462,94,100
"lm_ancova_v2_core_n40_r2_40_clear","clear",40,"core","significant","completed",68.0769230769231,46.1538461538462,90,100
"lm_ancova_v2_core_n40_r2_40_clear","clear",40,"core","significant","completed",73.0769230769231,46.1538461538462,100,100
"lm_ancova_v2_core_n40_r2_40_clear","clear",40,"core","significant","completed",79.7692307692308,61.5384615384615,98,100
"lm_ancova_v2_core_n40_r2_40_clear","clear",40,"core","significant","completed",56.5384615384615,23.0769230769231,90,100
"lm_ancova_v2_core_n40_r2_40_clear","clear",40,"core","significant","completed",77.7692307692308,61.5384615384615,94,100
"lm_ancova_v2_core_n40_r2_40_clear","clear",40,"core","significant","completed",69.0769230769231,46.1538461538462,92,100
"lm_ancova_v2_core_n40_r2_40_clear","clear",40,"core","significant","completed",84.6153846153846,69.2307692307692,100,100
"lm_ancova_v2_core_n40_r2_40_clear","clear",40,"core","significant","completed",48.6923076923077,15.3846153846154,82,100
"lm_ancova_v2_core_n40_r2_40_clear","clear",40,"core","significant","completed",73.0769230769231,46.1538461538462,100,100
"lm_ancova_v2_core_n40_r2_40_clear","clear",40,"core","significant","completed",84.6153846153846,69.2307692307692,100,100
"lm_ancova_v2_core_n40_r2_40_clear","clear",40,"core","significant","completed",88.4615384615385,76.9230769230769,100,100
"lm_ancova_v2_core_n40_r2_40_clear","clear",40,"core","significant","completed",80.7692307692308,61.5384615384615,100,100
"lm_ancova_v2_core_n40_r2_40_clear","clear",40,"core","significant","completed",84.6153846153846,69.2307692307692,100,100
"lm_ancova_v2_core_n40_r2_40_clear","clear",40,"core","significant","completed",84.6153846153846,69.2307692307692,100,100
"lm_ancova_v2_core_n40_r2_40_clear","clear",40,"core","significant","completed",74.9230769230769,53.8461538461538,96,100
"lm_ancova_v2_core_n40_r2_40_clear","clear",40,"core","significant","completed",96.1538461538462,92.3076923076923,100,100
"lm_ancova_v2_core_n40_r2_40_clear","clear",40,"core","significant","completed",55.3846153846154,30.7692307692308,80,100
"lm_ancova_v2_core_n40_r2_40_clear","clear",40,"core","significant","completed",76.9230769230769,53.8461538461538,100,100
"lm_ancova_v2_core_n40_r2_40_clear","clear",40,"core","significant","completed",100,100,100,100
"lm_ancova_v2_core_n40_r2_40_clear","clear",40,"core","significant","completed",75.9230769230769,53.8461538461538,98,100
"lm_ancova_v2_core_n40_r2_40_clear","clear",40,"core","significant","completed",52.5384615384615,23.0769230769231,82,100
"lm_ancova_v2_core_n40_r2_40_clear","clear",40,"core","significant","completed",83.6153846153846,69.2307692307692,98,100
"lm_ancova_v2_core_n40_r2_40_clear","clear",40,"core","significant","completed",84.6153846153846,69.2307692307692,100,100
"lm_ancova_v2_core_n40_r2_40_clear","clear",40,"core","significant","completed",67.0769230769231,46.1538461538462,88,100
"lm_ancova_v2_core_n40_r2_40_clear","clear",40,"core","significant","completed",48.5384615384615,23.0769230769231,74,100
"lm_ancova_v2_core_n40_r2_40_clear","clear",40,"core","significant","completed",62.2307692307692,38.4615384615385,86,100
"lm_ancova_v2_core_n40_r2_40_clear","clear",40,"core","significant","completed",100,100,100,100
"lm_ancova_v2_core_n40_r2_40_clear","clear",40,"core","significant","completed",63.2307692307692,38.4615384615385,88,100
"lm_ancova_v2_core_n40_r2_40_clear","clear",40,"core","significant","completed",44.6923076923077,15.3846153846154,74,100
"lm_ancova_v2_core_n40_r2_40_clear","clear",40,"core","significant","completed",53.5384615384615,23.0769230769231,84,100
"lm_ancova_v2_core_n40_r2_40_clear","clear",40,"core","significant","completed",88.4615384615385,76.9230769230769,100,100
"lm_ancova_v2_core_n40_r2_40_clear","clear",40,"core","significant","completed",50.5384615384615,23.0769230769231,78,100
"lm_ancova_v2_core_n40_r2_40_clear","clear",40,"core","significant","completed",88.4615384615385,76.9230769230769,100,100
"lm_ancova_v2_core_n40_r2_40_clear","clear",40,"core","significant","completed",59.3846153846154,30.7692307692308,88,100
"lm_ancova_v2_core_n40_r2_40_clear","clear",40,"core","significant","completed",59.3846153846154,30.7692307692308,88,100
"lm_ancova_v2_core_n40_r2_40_clear","clear",40,"core","significant","completed",79.7692307692308,61.5384615384615,98,100
"lm_ancova_v2_core_n40_r2_40_clear","clear",40,"core","significant","completed",62.3846153846154,30.7692307692308,94,100
"lm_ancova_v2_core_n40_r2_40_clear","clear",40,"core","significant","completed",38.6923076923077,15.3846153846154,62,100
"lm_ancova_v2_core_n40_r2_40_clear","clear",40,"core","significant","completed",80.7692307692308,61.5384615384615,100,100
"lm_ancova_v2_core_n40_r2_40_clear","clear",40,"core","significant","completed",56.3846153846154,30.7692307692308,82,100
"lm_ancova_v2_core_n40_r2_40_clear","clear",40,"core","significant","completed",61.3846153846154,30.7692307692308,92,100
"lm_ancova_v2_core_n40_r2_40_clear","clear",40,"core","significant","completed",56.3846153846154,30.7692307692308,82,100
"lm_ancova_v2_core_n40_r2_40_clear","clear",40,"core","significant","completed",67.2307692307692,38.4615384615385,96,100
"lm_ancova_v2_core_n40_r2_40_clear","clear",40,"core","significant","completed",92.3076923076923,84.6153846153846,100,100
"lm_ancova_v2_core_n40_r2_40_clear","clear",40,"core","significant","completed",57.3846153846154,30.7692307692308,84,100
"lm_ancova_v2_core_n40_r2_40_clear","clear",40,"core","significant","completed",58.3846153846154,30.7692307692308,86,100
"lm_ancova_v2_core_n40_r2_40_clear","clear",40,"core","significant","completed",74.9230769230769,53.8461538461538,96,100
"lm_ancova_v2_core_n40_r2_40_clear","clear",40,"core","significant","completed",47.5384615384615,23.0769230769231,72,100
"lm_ancova_v2_core_n40_r2_40_clear","clear",40,"core","significant","completed",43.6923076923077,15.3846153846154,72,100
"lm_ancova_v2_core_n40_r2_40_clear","clear",40,"core","significant","completed",69.2307692307692,38.4615384615385,100,100
"lm_ancova_v2_core_n40_r2_40_clear","clear",40,"core","significant","completed",47.6923076923077,15.3846153846154,80,100
"lm_ancova_v2_core_n40_r2_40_clear","clear",40,"core","significant","completed",52.5384615384615,23.0769230769231,82,100
"lm_ancova_v2_core_n40_r2_40_clear","clear",40,"core","significant","completed",80.7692307692308,61.5384615384615,100,100
"lm_ancova_v2_core_n40_r2_40_clear","clear",40,"core","significant","completed",69.0769230769231,46.1538461538462,92,100
"lm_ancova_v2_core_n40_r2_40_clear","clear",40,"core","significant","completed",56.3846153846154,30.7692307692308,82,100
"lm_ancova_v2_core_n40_r2_40_clear","clear",40,"core","significant","completed",64.2307692307692,38.4615384615385,90,100
"lm_ancova_v2_core_n40_r2_40_clear","clear",40,"core","significant","completed",84.6153846153846,69.2307692307692,100,100
"lm_ancova_v2_core_n40_r2_40_clear","clear",40,"core","significant","completed",45.5384615384615,23.0769230769231,68,100
"lm_ancova_v2_core_n40_r2_40_clear","clear",40,"core","significant","completed",60.3846153846154,30.7692307692308,90,100
"lm_ancova_v2_core_n40_r2_40_clear","clear",40,"core","significant","completed",67.2307692307692,38.4615384615385,96,100
"lm_ancova_v2_core_n40_r2_40_clear","clear",40,"core","significant","completed",45.6923076923077,15.3846153846154,76,100
"lm_ancova_v2_core_n40_r2_40_clear","clear",40,"core","significant","completed",70.0769230769231,46.1538461538462,94,100
"lm_ancova_v2_core_n40_r2_40_clear","clear",40,"core","significant","completed",35.8461538461538,7.69230769230769,64,90
"lm_ancova_v2_core_n40_r2_40_clear","clear",40,"core","significant","completed",80.7692307692308,61.5384615384615,100,100
"lm_ancova_v2_core_n40_r2_40_clear","clear",40,"core","significant","completed",77.7692307692308,61.5384615384615,94,100
"lm_ancova_v2_core_n40_r2_40_clear","clear",40,"core","significant","completed",64.2307692307692,38.4615384615385,90,100
"lm_ancova_v2_core_n40_r2_40_clear","clear",40,"core","significant","completed",84.6153846153846,69.2307692307692,100,100
"lm_ancova_v2_core_n40_r2_40_clear","clear",40,"core","significant","completed",52.5384615384615,23.0769230769231,82,100
"lm_ancova_v2_core_n40_r2_40_clear","clear",40,"core","significant","completed",65.0769230769231,46.1538461538462,84,100
"lm_ancova_v2_core_n40_r2_40_clear","clear",40,"core","significant","completed",100,100,100,100
"lm_ancova_v2_core_n40_r2_40_clear","clear",40,"core","significant","completed",52.5384615384615,23.0769230769231,82,100
"lm_ancova_v2_core_n40_r2_40_clear","clear",40,"core","significant","completed",34.8461538461538,7.69230769230769,62,97.5
"lm_ancova_v2_core_n40_r2_40_clear","clear",40,"core","significant","completed",72.0769230769231,46.1538461538462,98,100
"lm_ancova_v2_core_n40_r2_40_clear","clear",40,"core","significant","completed",53.5384615384615,23.0769230769231,84,100
"lm_ancova_v2_core_n40_r2_40_clear","clear",40,"core","significant","completed",88.4615384615385,76.9230769230769,100,100
"lm_ancova_v2_core_n40_r2_40_clear","clear",40,"core","significant","completed",84.6153846153846,69.2307692307692,100,100
"lm_ancova_v2_core_n40_r2_40_clear","clear",40,"core","significant","completed",92.3076923076923,84.6153846153846,100,100
"lm_ancova_v2_core_n40_r2_40_clear","clear",40,"core","significant","completed",92.3076923076923,84.6153846153846,100,100
"lm_ancova_v2_core_n40_r2_40_clear","clear",40,"core","significant","completed",70.0769230769231,46.1538461538462,94,100
"lm_ancova_v2_core_n40_r2_40_clear","clear",40,"core","significant","completed",88.4615384615385,76.9230769230769,100,100
"lm_ancova_v2_core_n40_r2_40_clear","clear",40,"core","significant","completed",55.3846153846154,30.7692307692308,80,100
"lm_ancova_v2_core_n40_r2_40_clear","clear",40,"core","significant","completed",67.0769230769231,46.1538461538462,88,100
"lm_ancova_v2_core_n40_r2_40_clear","clear",40,"core","significant","completed",48.6923076923077,15.3846153846154,82,100
"lm_ancova_v2_core_n40_r2_40_clear","clear",40,"core","significant","completed",84.6153846153846,69.2307692307692,100,100
"lm_ancova_v2_core_n40_r2_40_clear","clear",40,"core","significant","completed",39.6923076923077,15.3846153846154,64,100
"lm_ancova_v2_core_n40_r2_40_clear","clear",40,"core","significant","completed",88.4615384615385,76.9230769230769,100,100
"lm_ancova_v2_core_n40_r2_40_clear","clear",40,"core","significant","completed",83.6153846153846,69.2307692307692,98,100
"lm_ancova_v2_core_n40_r2_40_clear","clear",40,"core","significant","completed",73.9230769230769,53.8461538461538,94,100
"lm_ancova_v2_core_n40_r2_40_clear","clear",40,"core","significant","completed",83.6153846153846,69.2307692307692,98,100
"lm_ancova_v2_core_n40_r2_40_clear","clear",40,"core","significant","completed",60.3846153846154,30.7692307692308,90,100
"lm_ancova_v2_core_n40_r2_40_clear","clear",40,"core","significant","completed",48.5384615384615,23.0769230769231,74,100
"lm_ancova_v2_core_n40_r2_40_clear","clear",40,"core","significant","completed",33.8461538461538,7.69230769230769,60,80
"lm_ancova_v2_core_n40_r2_40_clear","clear",40,"core","significant","completed",45.5384615384615,23.0769230769231,68,100
"lm_ancova_v2_core_n40_r2_40_clear","clear",40,"core","significant","completed",49.5384615384615,23.0769230769231,76,100
"lm_ancova_v2_core_n40_r2_40_clear","clear",40,"core","significant","completed",26.8461538461538,7.69230769230769,46,50
"lm_ancova_v2_core_n40_r2_40_clear","clear",40,"core","significant","completed",96.1538461538462,92.3076923076923,100,100
"lm_ancova_v2_core_n40_r2_40_clear","clear",40,"core","significant","completed",64.2307692307692,38.4615384615385,90,100
"lm_ancova_v2_core_n40_r2_40_clear","clear",40,"core","significant","completed",92.3076923076923,84.6153846153846,100,100
"lm_ancova_v2_core_n40_r2_40_null","null",40,"core","significant","completed",34.8461538461538,7.69230769230769,62,55
"lm_ancova_v2_core_n40_r2_40_null","null",40,"core","significant","completed",25.8461538461538,7.69230769230769,44,35
"lm_ancova_v2_core_n40_r2_40_null","null",40,"core","significant","completed",74.9230769230769,53.8461538461538,96,100
"lm_ancova_v2_core_n40_r2_40_null","null",40,"core","significant","completed",42.6923076923077,15.3846153846154,70,100
"lm_ancova_v2_core_n40_r2_40_null","null",40,"core","significant","completed",50.5384615384615,23.0769230769231,78,100
"lm_ancova_v2_core_n40_r2_40_null","null",40,"core","significant","completed",46.5384615384615,23.0769230769231,70,100
"lm_ancova_v2_core_n40_r2_40_null","null",40,"core","significant","completed",30.8461538461538,7.69230769230769,54,85
"lm_ancova_v2_core_n40_r2_70_borderline","borderline",40,"core","significant","completed",74.9230769230769,53.8461538461538,96,100
"lm_ancova_v2_core_n40_r2_70_borderline","borderline",40,"core","significant","completed",34.8461538461538,7.69230769230769,62,95
"lm_ancova_v2_core_n40_r2_70_borderline","borderline",40,"core","significant","completed",64.2307692307692,38.4615384615385,90,100
"lm_ancova_v2_core_n40_r2_70_borderline","borderline",40,"core","significant","completed",51.5384615384615,23.0769230769231,80,100
"lm_ancova_v2_core_n40_r2_70_borderline","borderline",40,"core","significant","completed",27.8461538461538,7.69230769230769,48,95
"lm_ancova_v2_core_n40_r2_70_borderline","borderline",40,"core","significant","completed",77.7692307692308,61.5384615384615,94,100
"lm_ancova_v2_core_n40_r2_70_borderline","borderline",40,"core","significant","completed",76.9230769230769,53.8461538461538,100,100
"lm_ancova_v2_core_n40_r2_70_borderline","borderline",40,"core","significant","completed",88.4615384615385,76.9230769230769,100,100
"lm_ancova_v2_core_n40_r2_70_borderline","borderline",40,"core","significant","completed",34.6923076923077,15.3846153846154,54,100
"lm_ancova_v2_core_n40_r2_70_borderline","borderline",40,"core","significant","completed",44.5384615384615,23.0769230769231,66,100
"lm_ancova_v2_core_n40_r2_70_borderline","borderline",40,"core","significant","completed",65.2307692307692,38.4615384615385,92,100
"lm_ancova_v2_core_n40_r2_70_borderline","borderline",40,"core","significant","completed",37.8461538461538,7.69230769230769,68,82.5
"lm_ancova_v2_core_n40_r2_70_borderline","borderline",40,"core","significant","completed",64.0769230769231,46.1538461538462,82,100
"lm_ancova_v2_core_n40_r2_70_borderline","borderline",40,"core","significant","completed",27.8461538461538,7.69230769230769,48,45
"lm_ancova_v2_core_n40_r2_70_borderline","borderline",40,"core","significant","completed",38.8461538461538,7.69230769230769,70,87.5
"lm_ancova_v2_core_n40_r2_70_borderline","borderline",40,"core","significant","completed",75.9230769230769,53.8461538461538,98,100
"lm_ancova_v2_core_n40_r2_70_borderline","borderline",40,"core","significant","completed",100,100,100,100
"lm_ancova_v2_core_n40_r2_70_borderline","borderline",40,"core","significant","completed",51.6923076923077,15.3846153846154,88,100
"lm_ancova_v2_core_n40_r2_70_borderline","borderline",40,"core","significant","completed",76.9230769230769,53.8461538461538,100,100
"lm_ancova_v2_core_n40_r2_70_borderline","borderline",40,"core","significant","completed",54.5384615384615,23.0769230769231,86,100
"lm_ancova_v2_core_n40_r2_70_borderline","borderline",40,"core","significant","completed",24.8461538461538,7.69230769230769,42,55
"lm_ancova_v2_core_n40_r2_70_borderline","borderline",40,"core","significant","completed",71.0769230769231,46.1538461538462,96,100
"lm_ancova_v2_core_n40_r2_70_borderline","borderline",40,"core","significant","completed",48.6923076923077,15.3846153846154,82,100
"lm_ancova_v2_core_n40_r2_70_borderline","borderline",40,"core","significant","completed",76.9230769230769,53.8461538461538,100,100
"lm_ancova_v2_core_n40_r2_70_borderline","borderline",40,"core","significant","completed",30.8461538461538,7.69230769230769,54,40
"lm_ancova_v2_core_n40_r2_70_borderline","borderline",40,"core","significant","completed",41.6923076923077,15.3846153846154,68,100
"lm_ancova_v2_core_n40_r2_70_borderline","borderline",40,"core","significant","completed",54.3846153846154,30.7692307692308,78,100
"lm_ancova_v2_core_n40_r2_70_borderline","borderline",40,"core","significant","completed",46.6923076923077,15.3846153846154,78,100
"lm_ancova_v2_core_n40_r2_70_borderline","borderline",40,"core","significant","completed",28.8461538461538,7.69230769230769,50,92.5
"lm_ancova_v2_core_n40_r2_70_borderline","borderline",40,"core","significant","completed",72.0769230769231,46.1538461538462,98,100
"lm_ancova_v2_core_n40_r2_70_borderline","borderline",40,"core","significant","completed",72.0769230769231,46.1538461538462,98,100
"lm_ancova_v2_core_n40_r2_70_borderline","borderline",40,"core","significant","completed",39.6923076923077,15.3846153846154,64,100
"lm_ancova_v2_core_n40_r2_70_borderline","borderline",40,"core","significant","completed",44.6923076923077,15.3846153846154,74,100
"lm_ancova_v2_core_n40_r2_70_borderline","borderline",40,"core","significant","completed",70.0769230769231,46.1538461538462,94,100
"lm_ancova_v2_core_n40_r2_70_borderline","borderline",40,"core","significant","completed",66.0769230769231,46.1538461538462,86,100
"lm_ancova_v2_core_n40_r2_70_borderline","borderline",40,"core","significant","completed",31.8461538461539,7.69230769230769,56,40
"lm_ancova_v2_core_n40_r2_70_borderline","borderline",40,"core","significant","completed",59.3846153846154,30.7692307692308,88,100
"lm_ancova_v2_core_n40_r2_70_borderline","borderline",40,"core","significant","completed",38.8461538461538,7.69230769230769,70,95
"lm_ancova_v2_core_n40_r2_70_borderline","borderline",40,"core","significant","completed",37.8461538461538,7.69230769230769,68,92.5
"lm_ancova_v2_core_n40_r2_70_borderline","borderline",40,"core","significant","completed",41.6923076923077,15.3846153846154,68,100
"lm_ancova_v2_core_n40_r2_70_borderline","borderline",40,"core","significant","completed",56.3846153846154,30.7692307692308,82,100
"lm_ancova_v2_core_n40_r2_70_borderline","borderline",40,"core","significant","completed",70.0769230769231,46.1538461538462,94,100
"lm_ancova_v2_core_n40_r2_70_borderline","borderline",40,"core","significant","completed",37.6923076923077,15.3846153846154,60,100
"lm_ancova_v2_core_n40_r2_70_borderline","borderline",40,"core","significant","completed",83.6153846153846,69.2307692307692,98,100
"lm_ancova_v2_core_n40_r2_70_borderline","borderline",40,"core","significant","completed",54.5384615384615,23.0769230769231,86,100
"lm_ancova_v2_core_n40_r2_70_borderline","borderline",40,"core","significant","completed",38.6923076923077,15.3846153846154,62,100
"lm_ancova_v2_core_n40_r2_70_borderline","borderline",40,"core","significant","completed",29.8461538461538,7.69230769230769,52,87.5
"lm_ancova_v2_core_n40_r2_70_borderline","borderline",40,"core","significant","completed",50.5384615384615,23.0769230769231,78,100
"lm_ancova_v2_core_n40_r2_70_borderline","borderline",40,"core","significant","completed",80.7692307692308,61.5384615384615,100,100
"lm_ancova_v2_core_n40_r2_70_borderline","borderline",40,"core","significant","completed",37.8461538461538,7.69230769230769,68,95
"lm_ancova_v2_core_n40_r2_70_borderline","borderline",40,"core","significant","completed",53.5384615384615,23.0769230769231,84,100
"lm_ancova_v2_core_n40_r2_70_borderline","borderline",40,"core","significant","completed",49.5384615384615,23.0769230769231,76,100
"lm_ancova_v2_core_n40_r2_70_borderline","borderline",40,"core","significant","completed",74.9230769230769,53.8461538461538,96,100
"lm_ancova_v2_core_n40_r2_70_borderline","borderline",40,"core","significant","completed",84.6153846153846,69.2307692307692,100,100
"lm_ancova_v2_core_n40_r2_70_borderline","borderline",40,"core","significant","completed",51.5384615384615,23.0769230769231,80,100
"lm_ancova_v2_core_n40_r2_70_borderline","borderline",40,"core","significant","completed",59.3846153846154,30.7692307692308,88,100
"lm_ancova_v2_core_n40_r2_70_borderline","borderline",40,"core","significant","completed",41.6923076923077,15.3846153846154,68,100
"lm_ancova_v2_core_n40_r2_70_borderline","borderline",40,"core","significant","completed",44.6923076923077,15.3846153846154,74,100
"lm_ancova_v2_core_n40_r2_70_borderline","borderline",40,"core","significant","completed",51.5384615384615,23.0769230769231,80,100
"lm_ancova_v2_core_n40_r2_70_borderline","borderline",40,"core","significant","completed",42.6923076923077,15.3846153846154,70,100
"lm_ancova_v2_core_n40_r2_70_borderline","borderline",40,"core","significant","completed",39.6923076923077,15.3846153846154,64,100
"lm_ancova_v2_core_n40_r2_70_borderline","borderline",40,"core","significant","completed",59.3846153846154,30.7692307692308,88,100
"lm_ancova_v2_core_n40_r2_70_borderline","borderline",40,"core","significant","completed",66.2307692307692,38.4615384615385,94,100
"lm_ancova_v2_core_n40_r2_70_borderline","borderline",40,"core","significant","completed",55.5384615384615,23.0769230769231,88,100
"lm_ancova_v2_core_n40_r2_70_borderline","borderline",40,"core","significant","completed",76.9230769230769,53.8461538461538,100,100
"lm_ancova_v2_core_n40_r2_70_borderline","borderline",40,"core","significant","completed",57.3846153846154,30.7692307692308,84,100
"lm_ancova_v2_core_n40_r2_70_borderline","borderline",40,"core","significant","completed",79.7692307692308,61.5384615384615,98,100
"lm_ancova_v2_core_n40_r2_70_borderline","borderline",40,"core","significant","completed",68.0769230769231,46.1538461538462,90,100
"lm_ancova_v2_core_n40_r2_70_borderline","borderline",40,"core","significant","completed",28.8461538461538,7.69230769230769,50,47.5
"lm_ancova_v2_core_n40_r2_70_borderline","borderline",40,"core","significant","completed",58.3846153846154,30.7692307692308,86,100
"lm_ancova_v2_core_n40_r2_70_borderline","borderline",40,"core","significant","completed",43.6923076923077,15.3846153846154,72,100
"lm_ancova_v2_core_n40_r2_70_borderline","borderline",40,"core","significant","completed",58.3846153846154,30.7692307692308,86,100
"lm_ancova_v2_core_n40_r2_70_borderline","borderline",40,"core","significant","completed",69.0769230769231,46.1538461538462,92,100
"lm_ancova_v2_core_n40_r2_70_borderline","borderline",40,"core","significant","completed",62.3846153846154,30.7692307692308,94,100
"lm_ancova_v2_core_n40_r2_70_borderline","borderline",40,"core","significant","completed",47.6923076923077,15.3846153846154,80,100
"lm_ancova_v2_core_n40_r2_70_borderline","borderline",40,"core","significant","completed",61.2307692307692,38.4615384615385,84,100
"lm_ancova_v2_core_n40_r2_70_borderline","borderline",40,"core","significant","completed",66.2307692307692,38.4615384615385,94,100
"lm_ancova_v2_core_n40_r2_70_borderline","borderline",40,"core","significant","completed",50.5384615384615,23.0769230769231,78,100
"lm_ancova_v2_core_n40_r2_70_borderline","borderline",40,"core","significant","completed",39.8461538461538,7.69230769230769,72,92.5
"lm_ancova_v2_core_n40_r2_70_borderline","borderline",40,"core","significant","completed",39.6923076923077,15.3846153846154,64,100
"lm_ancova_v2_core_n40_r2_70_borderline","borderline",40,"core","significant","completed",52.5384615384615,23.0769230769231,82,100
"lm_ancova_v2_core_n40_r2_70_borderline","borderline",40,"core","significant","completed",33.8461538461538,7.69230769230769,60,95
"lm_ancova_v2_core_n40_r2_70_borderline","borderline",40,"core","significant","completed",44.6923076923077,15.3846153846154,74,100
"lm_ancova_v2_core_n40_r2_70_borderline","borderline",40,"core","significant","completed",55.3846153846154,30.7692307692308,80,100
"lm_ancova_v2_core_n40_r2_70_borderline","borderline",40,"core","significant","completed",49.3846153846154,30.7692307692308,68,100
"lm_ancova_v2_core_n40_r2_70_borderline","borderline",40,"core","significant","completed",63.2307692307692,38.4615384615385,88,100
"lm_ancova_v2_core_n40_r2_70_borderline","borderline",40,"core","significant","completed",58.3846153846154,30.7692307692308,86,100
"lm_ancova_v2_core_n40_r2_70_borderline","borderline",40,"core","significant","completed",67.2307692307692,38.4615384615385,96,100
"lm_ancova_v2_core_n40_r2_70_borderline","borderline",40,"core","significant","completed",41.6923076923077,15.3846153846154,68,100
"lm_ancova_v2_core_n40_r2_70_borderline","borderline",40,"core","significant","completed",63.2307692307692,38.4615384615385,88,100
"lm_ancova_v2_core_n40_r2_70_borderline","borderline",40,"core","significant","completed",70.0769230769231,46.1538461538462,94,100
"lm_ancova_v2_core_n40_r2_70_borderline","borderline",40,"core","significant","completed",34.8461538461538,7.69230769230769,62,92.5
"lm_ancova_v2_core_n40_r2_70_borderline","borderline",40,"core","significant","completed",80.7692307692308,61.5384615384615,100,100
"lm_ancova_v2_core_n40_r2_70_borderline","borderline",40,"core","significant","completed",43.6923076923077,15.3846153846154,72,100
"lm_ancova_v2_core_n40_r2_70_borderline","borderline",40,"core","significant","completed",55.3846153846154,30.7692307692308,80,100
"lm_ancova_v2_core_n40_r2_70_borderline","borderline",40,"core","significant","completed",32.8461538461538,7.69230769230769,58,95
"lm_ancova_v2_core_n40_r2_70_borderline","borderline",40,"core","significant","completed",54.5384615384615,23.0769230769231,86,100
"lm_ancova_v2_core_n40_r2_70_borderline","borderline",40,"core","significant","completed",75.9230769230769,53.8461538461538,98,100
"lm_ancova_v2_core_n40_r2_70_borderline","borderline",40,"core","significant","completed",57.3846153846154,30.7692307692308,84,100
"lm_ancova_v2_core_n40_r2_70_borderline","borderline",40,"core","significant","completed",33.8461538461538,7.69230769230769,60,87.5
"lm_ancova_v2_core_n40_r2_70_clear","clear",40,"core","significant","completed",92.3076923076923,84.6153846153846,100,100
"lm_ancova_v2_core_n40_r2_70_clear","clear",40,"core","significant","completed",74.9230769230769,53.8461538461538,96,100
"lm_ancova_v2_core_n40_r2_70_clear","clear",40,"core","significant","completed",80.7692307692308,61.5384615384615,100,100
"lm_ancova_v2_core_n40_r2_70_clear","clear",40,"core","significant","completed",73.9230769230769,53.8461538461538,94,100
"lm_ancova_v2_core_n40_r2_70_clear","clear",40,"core","significant","completed",42.6923076923077,15.3846153846154,70,100
"lm_ancova_v2_core_n40_r2_70_clear","clear",40,"core","significant","completed",66.0769230769231,46.1538461538462,86,100
"lm_ancova_v2_core_n40_r2_70_clear","clear",40,"core","significant","completed",73.0769230769231,46.1538461538462,100,100
"lm_ancova_v2_core_n40_r2_70_clear","clear",40,"core","significant","completed",79.7692307692308,61.5384615384615,98,100
"lm_ancova_v2_core_n40_r2_70_clear","clear",40,"core","significant","completed",74.9230769230769,53.8461538461538,96,100
"lm_ancova_v2_core_n40_r2_70_clear","clear",40,"core","significant","completed",56.5384615384615,23.0769230769231,90,100
"lm_ancova_v2_core_n40_r2_70_clear","clear",40,"core","significant","completed",76.9230769230769,53.8461538461538,100,100
"lm_ancova_v2_core_n40_r2_70_clear","clear",40,"core","significant","completed",55.3846153846154,30.7692307692308,80,100
"lm_ancova_v2_core_n40_r2_70_clear","clear",40,"core","significant","completed",75.9230769230769,53.8461538461538,98,100
"lm_ancova_v2_core_n40_r2_70_clear","clear",40,"core","significant","completed",64.2307692307692,38.4615384615385,90,100
"lm_ancova_v2_core_n40_r2_70_clear","clear",40,"core","significant","completed",50.5384615384615,23.0769230769231,78,100
"lm_ancova_v2_core_n40_r2_70_clear","clear",40,"core","significant","completed",60.3846153846154,30.7692307692308,90,100
"lm_ancova_v2_core_n40_r2_70_clear","clear",40,"core","significant","completed",73.0769230769231,46.1538461538462,100,100
"lm_ancova_v2_core_n40_r2_70_clear","clear",40,"core","significant","completed",59.3846153846154,30.7692307692308,88,100
"lm_ancova_v2_core_n40_r2_70_clear","clear",40,"core","significant","completed",80.7692307692308,61.5384615384615,100,100
"lm_ancova_v2_core_n40_r2_70_clear","clear",40,"core","significant","completed",71.0769230769231,46.1538461538462,96,100
"lm_ancova_v2_core_n40_r2_70_clear","clear",40,"core","significant","completed",58.3846153846154,30.7692307692308,86,100
"lm_ancova_v2_core_n40_r2_70_clear","clear",40,"core","significant","completed",36.8461538461538,7.69230769230769,66,80
"lm_ancova_v2_core_n40_r2_70_clear","clear",40,"core","significant","completed",54.5384615384615,23.0769230769231,86,100
"lm_ancova_v2_core_n40_r2_70_clear","clear",40,"core","significant","completed",73.9230769230769,53.8461538461538,94,100
"lm_ancova_v2_core_n40_r2_70_clear","clear",40,"core","significant","completed",84.6153846153846,69.2307692307692,100,100
"lm_ancova_v2_core_n40_r2_70_clear","clear",40,"core","significant","completed",52.5384615384615,23.0769230769231,82,100
"lm_ancova_v2_core_n40_r2_70_clear","clear",40,"core","significant","completed",76.9230769230769,53.8461538461538,100,100
"lm_ancova_v2_core_n40_r2_70_clear","clear",40,"core","significant","completed",48.5384615384615,23.0769230769231,74,100
"lm_ancova_v2_core_n40_r2_70_clear","clear",40,"core","significant","completed",84.6153846153846,69.2307692307692,100,100
"lm_ancova_v2_core_n40_r2_70_clear","clear",40,"core","significant","completed",68.0769230769231,46.1538461538462,90,100
"lm_ancova_v2_core_n40_r2_70_clear","clear",40,"core","significant","completed",60.2307692307692,38.4615384615385,82,100
"lm_ancova_v2_core_n40_r2_70_clear","clear",40,"core","significant","completed",84.6153846153846,69.2307692307692,100,100
"lm_ancova_v2_core_n40_r2_70_clear","clear",40,"core","significant","completed",59.3846153846154,30.7692307692308,88,100
"lm_ancova_v2_core_n40_r2_70_clear","clear",40,"core","significant","completed",73.0769230769231,46.1538461538462,100,100
"lm_ancova_v2_core_n40_r2_70_clear","clear",40,"core","significant","completed",80.7692307692308,61.5384615384615,100,100
"lm_ancova_v2_core_n40_r2_70_clear","clear",40,"core","significant","completed",75.9230769230769,53.8461538461538,98,100
"lm_ancova_v2_core_n40_r2_70_clear","clear",40,"core","significant","completed",66.0769230769231,46.1538461538462,86,100
"lm_ancova_v2_core_n40_r2_70_clear","clear",40,"core","significant","completed",55.3846153846154,30.7692307692308,80,100
"lm_ancova_v2_core_n40_r2_70_clear","clear",40,"core","significant","completed",50.5384615384615,23.0769230769231,78,100
"lm_ancova_v2_core_n40_r2_70_clear","clear",40,"core","significant","completed",100,100,100,100
"lm_ancova_v2_core_n40_r2_70_clear","clear",40,"core","significant","completed",68.0769230769231,46.1538461538462,90,100
"lm_ancova_v2_core_n40_r2_70_clear","clear",40,"core","significant","completed",69.2307692307692,38.4615384615385,100,100
"lm_ancova_v2_core_n40_r2_70_clear","clear",40,"core","significant","completed",76.9230769230769,53.8461538461538,100,100
"lm_ancova_v2_core_n40_r2_70_clear","clear",40,"core","significant","completed",53.5384615384615,23.0769230769231,84,100
"lm_ancova_v2_core_n40_r2_70_clear","clear",40,"core","significant","completed",64.2307692307692,38.4615384615385,90,100
"lm_ancova_v2_core_n40_r2_70_clear","clear",40,"core","significant","completed",65.0769230769231,46.1538461538462,84,100
"lm_ancova_v2_core_n40_r2_70_clear","clear",40,"core","significant","completed",58.3846153846154,30.7692307692308,86,100
"lm_ancova_v2_core_n40_r2_70_clear","clear",40,"core","significant","completed",96.1538461538462,92.3076923076923,100,100
"lm_ancova_v2_core_n40_r2_70_clear","clear",40,"core","significant","completed",70.0769230769231,46.1538461538462,94,100
"lm_ancova_v2_core_n40_r2_70_clear","clear",40,"core","significant","completed",80.7692307692308,61.5384615384615,100,100
"lm_ancova_v2_core_n40_r2_70_clear","clear",40,"core","significant","completed",68.2307692307692,38.4615384615385,98,100
"lm_ancova_v2_core_n40_r2_70_clear","clear",40,"core","significant","completed",67.2307692307692,38.4615384615385,96,100
"lm_ancova_v2_core_n40_r2_70_clear","clear",40,"core","significant","completed",75.9230769230769,53.8461538461538,98,100
"lm_ancova_v2_core_n40_r2_70_clear","clear",40,"core","significant","completed",54.5384615384615,23.0769230769231,86,100
"lm_ancova_v2_core_n40_r2_70_clear","clear",40,"core","significant","completed",30.8461538461538,7.69230769230769,54,95
"lm_ancova_v2_core_n40_r2_70_clear","clear",40,"core","significant","completed",46.6923076923077,15.3846153846154,78,100
"lm_ancova_v2_core_n40_r2_70_clear","clear",40,"core","significant","completed",87.4615384615385,76.9230769230769,98,100
"lm_ancova_v2_core_n40_r2_70_clear","clear",40,"core","significant","completed",50.5384615384615,23.0769230769231,78,100
"lm_ancova_v2_core_n40_r2_70_clear","clear",40,"core","significant","completed",80.7692307692308,61.5384615384615,100,100
"lm_ancova_v2_core_n40_r2_70_clear","clear",40,"core","significant","completed",76.9230769230769,53.8461538461538,100,100
"lm_ancova_v2_core_n40_r2_70_clear","clear",40,"core","significant","completed",72.9230769230769,53.8461538461538,92,100
"lm_ancova_v2_core_n40_r2_70_clear","clear",40,"core","significant","completed",56.5384615384615,23.0769230769231,90,100
"lm_ancova_v2_core_n40_r2_70_clear","clear",40,"core","significant","completed",96.1538461538462,92.3076923076923,100,100
"lm_ancova_v2_core_n40_r2_70_clear","clear",40,"core","significant","completed",75.9230769230769,53.8461538461538,98,100
"lm_ancova_v2_core_n40_r2_70_clear","clear",40,"core","significant","completed",92.3076923076923,84.6153846153846,100,100
"lm_ancova_v2_core_n40_r2_70_clear","clear",40,"core","significant","completed",43.6923076923077,15.3846153846154,72,100
"lm_ancova_v2_core_n40_r2_70_clear","clear",40,"core","significant","completed",45.6923076923077,15.3846153846154,76,100
"lm_ancova_v2_core_n40_r2_70_clear","clear",40,"core","significant","completed",82.6153846153846,69.2307692307692,96,100
"lm_ancova_v2_core_n40_r2_70_clear","clear",40,"core","significant","completed",68.0769230769231,46.1538461538462,90,100
"lm_ancova_v2_core_n40_r2_70_clear","clear",40,"core","significant","completed",88.4615384615385,76.9230769230769,100,100
"lm_ancova_v2_core_n40_r2_70_clear","clear",40,"core","significant","completed",88.4615384615385,76.9230769230769,100,100
"lm_ancova_v2_core_n40_r2_70_clear","clear",40,"core","significant","completed",64.2307692307692,38.4615384615385,90,100
"lm_ancova_v2_core_n40_r2_70_clear","clear",40,"core","significant","completed",76.9230769230769,53.8461538461538,100,100
"lm_ancova_v2_core_n40_r2_70_clear","clear",40,"core","significant","completed",66.2307692307692,38.4615384615385,94,100
"lm_ancova_v2_core_n40_r2_70_clear","clear",40,"core","significant","completed",54.5384615384615,23.0769230769231,86,100
"lm_ancova_v2_core_n40_r2_70_clear","clear",40,"core","significant","completed",45.5384615384615,23.0769230769231,68,100
"lm_ancova_v2_core_n40_r2_70_clear","clear",40,"core","significant","completed",76.7692307692308,61.5384615384615,92,100
"lm_ancova_v2_core_n40_r2_70_clear","clear",40,"core","significant","completed",96.1538461538462,92.3076923076923,100,100
"lm_ancova_v2_core_n40_r2_70_clear","clear",40,"core","significant","completed",70.0769230769231,46.1538461538462,94,100
"lm_ancova_v2_core_n40_r2_70_clear","clear",40,"core","significant","completed",78.7692307692308,61.5384615384615,96,100
"lm_ancova_v2_core_n40_r2_70_clear","clear",40,"core","significant","completed",92.3076923076923,84.6153846153846,100,100
"lm_ancova_v2_core_n40_r2_70_clear","clear",40,"core","significant","completed",67.0769230769231,46.1538461538462,88,100
"lm_ancova_v2_core_n40_r2_70_clear","clear",40,"core","significant","completed",64.2307692307692,38.4615384615385,90,100
"lm_ancova_v2_core_n40_r2_70_clear","clear",40,"core","significant","completed",73.9230769230769,53.8461538461538,94,100
"lm_ancova_v2_core_n40_r2_70_clear","clear",40,"core","significant","completed",73.0769230769231,46.1538461538462,100,100
"lm_ancova_v2_core_n40_r2_70_clear","clear",40,"core","significant","completed",44.6923076923077,15.3846153846154,74,100
"lm_ancova_v2_core_n40_r2_70_clear","clear",40,"core","significant","completed",71.0769230769231,46.1538461538462,96,100
"lm_ancova_v2_core_n40_r2_70_clear","clear",40,"core","significant","completed",75.9230769230769,53.8461538461538,98,100
"lm_ancova_v2_core_n40_r2_70_clear","clear",40,"core","significant","completed",80.7692307692308,61.5384615384615,100,100
"lm_ancova_v2_core_n40_r2_70_clear","clear",40,"core","significant","completed",80.7692307692308,61.5384615384615,100,100
"lm_ancova_v2_core_n40_r2_70_clear","clear",40,"core","significant","completed",78.7692307692308,61.5384615384615,96,100
"lm_ancova_v2_core_n40_r2_70_clear","clear",40,"core","significant","completed",57.3846153846154,30.7692307692308,84,100
"lm_ancova_v2_core_n40_r2_70_clear","clear",40,"core","significant","completed",68.0769230769231,46.1538461538462,90,100
"lm_ancova_v2_core_n40_r2_70_clear","clear",40,"core","significant","completed",67.0769230769231,46.1538461538462,88,100
"lm_ancova_v2_core_n40_r2_70_clear","clear",40,"core","significant","completed",57.5384615384615,23.0769230769231,92,100
"lm_ancova_v2_core_n40_r2_70_clear","clear",40,"core","significant","completed",68.0769230769231,46.1538461538462,90,100
"lm_ancova_v2_core_n40_r2_70_clear","clear",40,"core","significant","completed",75.9230769230769,53.8461538461538,98,100
"lm_ancova_v2_core_n40_r2_70_clear","clear",40,"core","significant","completed",52.3846153846154,30.7692307692308,74,100
"lm_ancova_v2_core_n40_r2_70_clear","clear",40,"core","significant","completed",78.7692307692308,61.5384615384615,96,100
"lm_ancova_v2_core_n40_r2_70_clear","clear",40,"core","significant","completed",57.3846153846154,30.7692307692308,84,100
"lm_ancova_v2_core_n40_r2_70_null","null",40,"core","significant","completed",50.6923076923077,15.3846153846154,86,100
"lm_ancova_v2_core_n40_r2_70_null","null",40,"core","significant","completed",59.3846153846154,30.7692307692308,88,100
"lm_ancova_v2_core_n40_r2_70_null","null",40,"core","significant","completed",30.8461538461538,7.69230769230769,54,97.5
"lm_ancova_v2_core_n40_r2_70_null","null",40,"core","significant","completed",33.8461538461538,7.69230769230769,60,55
"lm_ancova_v2_core_n40_r2_70_null","null",40,"core","significant","completed",58.3846153846154,30.7692307692308,86,100
"lm_ancova_v2_core_n40_r2_70_null","null",40,"core","significant","completed",36.8461538461538,7.69230769230769,66,87.5
"lm_ancova_v2_core_n40_r2_70_null","null",40,"core","significant","completed",27.8461538461538,7.69230769230769,48,45
"lm_ancova_v2_core_n40_r2_70_null","null",40,"core","significant","completed",28.8461538461538,7.69230769230769,50,37.5
"lm_ancova_v2_core_n40_r2_70_null","null",40,"core","significant","completed",34.8461538461538,7.69230769230769,62,97.5
"lm_ancova_v2_core_n40_r2_70_null","null",40,"core","significant","completed",33.8461538461538,7.69230769230769,60,70
"lm_ancova_v2_core_n40_r2_70_null","null",40,"core","significant","completed",35.8461538461538,7.69230769230769,64,97.5
"lm_ancova_v2_core_n40_r2_70_null","null",40,"core","significant","completed",45.5384615384615,23.0769230769231,68,100
"lm_ancova_v2_core_n80_r2_10_borderline","borderline",80,"core","significant","completed",37,8,66,100
"lm_ancova_v2_core_n80_r2_10_borderline","borderline",80,"core","significant","completed",61,28,94,100
"lm_ancova_v2_core_n80_r2_10_borderline","borderline",80,"core","significant","completed",51,20,82,100
"lm_ancova_v2_core_n80_r2_10_borderline","borderline",80,"core","significant","completed",69,40,98,100
"lm_ancova_v2_core_n80_r2_10_borderline","borderline",80,"core","significant","completed",58,20,96,100
"lm_ancova_v2_core_n80_r2_10_borderline","borderline",80,"core","significant","completed",49,20,78,100
"lm_ancova_v2_core_n80_r2_10_borderline","borderline",80,"core","significant","completed",41,12,70,100
"lm_ancova_v2_core_n80_r2_10_borderline","borderline",80,"core","significant","completed",28,4,52,73.75
"lm_ancova_v2_core_n80_r2_10_borderline","borderline",80,"core","significant","completed",49,16,82,100
"lm_ancova_v2_core_n80_r2_10_borderline","borderline",80,"core","significant","completed",33,4,62,96.25
"lm_ancova_v2_core_n80_r2_10_borderline","borderline",80,"core","significant","completed",55,24,86,100
"lm_ancova_v2_core_n80_r2_10_borderline","borderline",80,"core","significant","completed",37,8,66,100
"lm_ancova_v2_core_n80_r2_10_borderline","borderline",80,"core","significant","completed",60,28,92,100
"lm_ancova_v2_core_n80_r2_10_borderline","borderline",80,"core","significant","completed",62,28,96,100
"lm_ancova_v2_core_n80_r2_10_borderline","borderline",80,"core","significant","completed",36,8,64,100
"lm_ancova_v2_core_n80_r2_10_borderline","borderline",80,"core","significant","completed",66,36,96,100
"lm_ancova_v2_core_n80_r2_10_borderline","borderline",80,"core","significant","completed",82,64,100,100
"lm_ancova_v2_core_n80_r2_10_borderline","borderline",80,"core","significant","completed",34,8,60,100
"lm_ancova_v2_core_n80_r2_10_borderline","borderline",80,"core","significant","completed",50,20,80,100
"lm_ancova_v2_core_n80_r2_10_borderline","borderline",80,"core","significant","completed",53,28,78,100
"lm_ancova_v2_core_n80_r2_10_borderline","borderline",80,"core","significant","completed",25,4,46,63.75
"lm_ancova_v2_core_n80_r2_10_borderline","borderline",80,"core","significant","completed",45,16,74,100
"lm_ancova_v2_core_n80_r2_10_borderline","borderline",80,"core","significant","completed",33,4,62,98.75
"lm_ancova_v2_core_n80_r2_10_borderline","borderline",80,"core","significant","completed",70,44,96,100
"lm_ancova_v2_core_n80_r2_10_borderline","borderline",80,"core","significant","completed",60,28,92,100
"lm_ancova_v2_core_n80_r2_10_borderline","borderline",80,"core","significant","completed",35,8,62,100
"lm_ancova_v2_core_n80_r2_10_borderline","borderline",80,"core","significant","completed",31,4,58,97.5
"lm_ancova_v2_core_n80_r2_10_borderline","borderline",80,"core","significant","completed",74,48,100,100
"lm_ancova_v2_core_n80_r2_10_borderline","borderline",80,"core","significant","completed",61,28,94,100
"lm_ancova_v2_core_n80_r2_10_borderline","borderline",80,"core","significant","completed",58,24,92,100
"lm_ancova_v2_core_n80_r2_10_borderline","borderline",80,"core","significant","completed",49,16,82,100
"lm_ancova_v2_core_n80_r2_10_borderline","borderline",80,"core","significant","completed",43,12,74,100
"lm_ancova_v2_core_n80_r2_10_borderline","borderline",80,"core","significant","completed",59,24,94,100
"lm_ancova_v2_core_n80_r2_10_borderline","borderline",80,"core","significant","completed",43,12,74,100
"lm_ancova_v2_core_n80_r2_10_borderline","borderline",80,"core","significant","completed",40,12,68,100
"lm_ancova_v2_core_n80_r2_10_borderline","borderline",80,"core","significant","completed",75,52,98,100
"lm_ancova_v2_core_n80_r2_10_borderline","borderline",80,"core","significant","completed",54,24,84,100
"lm_ancova_v2_core_n80_r2_10_borderline","borderline",80,"core","significant","completed",60,28,92,100
"lm_ancova_v2_core_n80_r2_10_borderline","borderline",80,"core","significant","completed",50,16,84,100
"lm_ancova_v2_core_n80_r2_10_borderline","borderline",80,"core","significant","completed",35,8,62,100
"lm_ancova_v2_core_n80_r2_10_borderline","borderline",80,"core","significant","completed",52,16,88,100
"lm_ancova_v2_core_n80_r2_10_borderline","borderline",80,"core","significant","completed",77,56,98,100
"lm_ancova_v2_core_n80_r2_10_borderline","borderline",80,"core","significant","completed",80,60,100,100
"lm_ancova_v2_core_n80_r2_10_borderline","borderline",80,"core","significant","completed",69,40,98,100
"lm_ancova_v2_core_n80_r2_10_borderline","borderline",80,"core","significant","completed",44,12,76,100
"lm_ancova_v2_core_n80_r2_10_borderline","borderline",80,"core","significant","completed",61,32,90,100
"lm_ancova_v2_core_n80_r2_10_borderline","borderline",80,"core","significant","completed",49,20,78,100
"lm_ancova_v2_core_n80_r2_10_borderline","borderline",80,"core","significant","completed",59,32,86,100
"lm_ancova_v2_core_n80_r2_10_borderline","borderline",80,"core","significant","completed",48,20,76,100
"lm_ancova_v2_core_n80_r2_10_borderline","borderline",80,"core","significant","completed",52,20,84,100
"lm_ancova_v2_core_n80_r2_10_borderline","borderline",80,"core","significant","completed",46,16,76,100
"lm_ancova_v2_core_n80_r2_10_borderline","borderline",80,"core","significant","completed",59,28,90,100
"lm_ancova_v2_core_n80_r2_10_borderline","borderline",80,"core","significant","completed",47,12,82,100
"lm_ancova_v2_core_n80_r2_10_borderline","borderline",80,"core","significant","completed",37,8,66,100
"lm_ancova_v2_core_n80_r2_10_borderline","borderline",80,"core","significant","completed",57,28,86,100
"lm_ancova_v2_core_n80_r2_10_borderline","borderline",80,"core","significant","completed",56,24,88,100
"lm_ancova_v2_core_n80_r2_10_borderline","borderline",80,"core","significant","completed",65,32,98,100
"lm_ancova_v2_core_n80_r2_10_borderline","borderline",80,"core","significant","completed",27,4,50,48.75
"lm_ancova_v2_core_n80_r2_10_borderline","borderline",80,"core","significant","completed",64,32,96,100
"lm_ancova_v2_core_n80_r2_10_borderline","borderline",80,"core","significant","completed",40,8,72,100
"lm_ancova_v2_core_n80_r2_10_borderline","borderline",80,"core","significant","completed",39,8,70,100
"lm_ancova_v2_core_n80_r2_10_borderline","borderline",80,"core","significant","completed",76,52,100,100
"lm_ancova_v2_core_n80_r2_10_borderline","borderline",80,"core","significant","completed",70,40,100,100
"lm_ancova_v2_core_n80_r2_10_borderline","borderline",80,"core","significant","completed",43,16,70,100
"lm_ancova_v2_core_n80_r2_10_borderline","borderline",80,"core","significant","completed",39,16,62,100
"lm_ancova_v2_core_n80_r2_10_borderline","borderline",80,"core","significant","completed",62,28,96,100
"lm_ancova_v2_core_n80_r2_10_borderline","borderline",80,"core","significant","completed",54,24,84,100
"lm_ancova_v2_core_n80_r2_10_borderline","borderline",80,"core","significant","completed",53,20,86,100
"lm_ancova_v2_core_n80_r2_10_borderline","borderline",80,"core","significant","completed",37,8,66,100
"lm_ancova_v2_core_n80_r2_10_borderline","borderline",80,"core","significant","completed",65,32,98,100
"lm_ancova_v2_core_n80_r2_10_borderline","borderline",80,"core","significant","completed",46,16,76,100
"lm_ancova_v2_core_n80_r2_10_borderline","borderline",80,"core","significant","completed",61,24,98,100
"lm_ancova_v2_core_n80_r2_10_borderline","borderline",80,"core","significant","completed",37,8,66,100
"lm_ancova_v2_core_n80_r2_10_borderline","borderline",80,"core","significant","completed",44,12,76,100
"lm_ancova_v2_core_n80_r2_10_borderline","borderline",80,"core","significant","completed",39,12,66,100
"lm_ancova_v2_core_n80_r2_10_borderline","borderline",80,"core","significant","completed",50,16,84,100
"lm_ancova_v2_core_n80_r2_10_borderline","borderline",80,"core","significant","completed",26,4,48,38.75
"lm_ancova_v2_core_n80_r2_10_borderline","borderline",80,"core","significant","completed",44,16,72,100
"lm_ancova_v2_core_n80_r2_10_borderline","borderline",80,"core","significant","completed",35,8,62,100
"lm_ancova_v2_core_n80_r2_10_borderline","borderline",80,"core","significant","completed",33,8,58,100
"lm_ancova_v2_core_n80_r2_10_borderline","borderline",80,"core","significant","completed",86,72,100,100
"lm_ancova_v2_core_n80_r2_10_borderline","borderline",80,"core","significant","completed",29,8,50,100
"lm_ancova_v2_core_n80_r2_10_borderline","borderline",80,"core","significant","completed",23,4,42,93.75
"lm_ancova_v2_core_n80_r2_10_borderline","borderline",80,"core","significant","completed",43,20,66,100
"lm_ancova_v2_core_n80_r2_10_borderline","borderline",80,"core","significant","completed",48,16,80,100
"lm_ancova_v2_core_n80_r2_10_borderline","borderline",80,"core","significant","completed",43,12,74,100
"lm_ancova_v2_core_n80_r2_10_borderline","borderline",80,"core","significant","completed",31,4,58,62.5
"lm_ancova_v2_core_n80_r2_10_borderline","borderline",80,"core","significant","completed",40,12,68,100
"lm_ancova_v2_core_n80_r2_10_borderline","borderline",80,"core","significant","completed",66,36,96,100
"lm_ancova_v2_core_n80_r2_10_borderline","borderline",80,"core","significant","completed",46,12,80,100
"lm_ancova_v2_core_n80_r2_10_borderline","borderline",80,"core","significant","completed",40,16,64,100
"lm_ancova_v2_core_n80_r2_10_borderline","borderline",80,"core","significant","completed",48,16,80,100
"lm_ancova_v2_core_n80_r2_10_borderline","borderline",80,"core","significant","completed",36,8,64,100
"lm_ancova_v2_core_n80_r2_10_borderline","borderline",80,"core","significant","completed",31,4,58,87.5
"lm_ancova_v2_core_n80_r2_10_borderline","borderline",80,"core","significant","completed",26,4,48,45
"lm_ancova_v2_core_n80_r2_10_borderline","borderline",80,"core","significant","completed",59,24,94,100
"lm_ancova_v2_core_n80_r2_10_borderline","borderline",80,"core","significant","completed",32,8,56,100
"lm_ancova_v2_core_n80_r2_10_borderline","borderline",80,"core","significant","completed",60,28,92,100
"lm_ancova_v2_core_n80_r2_10_borderline","borderline",80,"core","significant","completed",82,64,100,100
"lm_ancova_v2_core_n80_r2_10_borderline","borderline",80,"core","significant","completed",29,4,54,98.75
"lm_ancova_v2_core_n80_r2_10_clear","clear",80,"core","significant","completed",39,8,70,100
"lm_ancova_v2_core_n80_r2_10_clear","clear",80,"core","significant","completed",40,12,68,100
"lm_ancova_v2_core_n80_r2_10_clear","clear",80,"core","significant","completed",71,44,98,100
"lm_ancova_v2_core_n80_r2_10_clear","clear",80,"core","significant","completed",78,56,100,100
"lm_ancova_v2_core_n80_r2_10_clear","clear",80,"core","significant","completed",88,76,100,100
"lm_ancova_v2_core_n80_r2_10_clear","clear",80,"core","significant","completed",71,44,98,100
"lm_ancova_v2_core_n80_r2_10_clear","clear",80,"core","significant","completed",35,4,66,93.75
"lm_ancova_v2_core_n80_r2_10_clear","clear",80,"core","significant","completed",80,60,100,100
"lm_ancova_v2_core_n80_r2_10_clear","clear",80,"core","significant","completed",63,36,90,100
"lm_ancova_v2_core_n80_r2_10_clear","clear",80,"core","significant","completed",44,20,68,100
"lm_ancova_v2_core_n80_r2_10_clear","clear",80,"core","significant","completed",80,60,100,100
"lm_ancova_v2_core_n80_r2_10_clear","clear",80,"core","significant","completed",52,16,88,100
"lm_ancova_v2_core_n80_r2_10_clear","clear",80,"core","significant","completed",80,60,100,100
"lm_ancova_v2_core_n80_r2_10_clear","clear",80,"core","significant","completed",74,48,100,100
"lm_ancova_v2_core_n80_r2_10_clear","clear",80,"core","significant","completed",34,8,60,100
"lm_ancova_v2_core_n80_r2_10_clear","clear",80,"core","significant","completed",33,4,62,57.5
"lm_ancova_v2_core_n80_r2_10_clear","clear",80,"core","significant","completed",61,28,94,100
"lm_ancova_v2_core_n80_r2_10_clear","clear",80,"core","significant","completed",64,36,92,100
"lm_ancova_v2_core_n80_r2_10_clear","clear",80,"core","significant","completed",90,80,100,100
"lm_ancova_v2_core_n80_r2_10_clear","clear",80,"core","significant","completed",55,24,86,100
"lm_ancova_v2_core_n80_r2_10_clear","clear",80,"core","significant","completed",57,28,86,100
"lm_ancova_v2_core_n80_r2_10_clear","clear",80,"core","significant","completed",68,40,96,100
"lm_ancova_v2_core_n80_r2_10_clear","clear",80,"core","significant","completed",62,28,96,100
"lm_ancova_v2_core_n80_r2_10_clear","clear",80,"core","significant","completed",37,8,66,100
"lm_ancova_v2_core_n80_r2_10_clear","clear",80,"core","significant","completed",44,12,76,100
"lm_ancova_v2_core_n80_r2_10_clear","clear",80,"core","significant","completed",57,24,90,100
"lm_ancova_v2_core_n80_r2_10_clear","clear",80,"core","significant","completed",72,44,100,100
"lm_ancova_v2_core_n80_r2_10_clear","clear",80,"core","significant","completed",62,32,92,100
"lm_ancova_v2_core_n80_r2_10_clear","clear",80,"core","significant","completed",82,64,100,100
"lm_ancova_v2_core_n80_r2_10_clear","clear",80,"core","significant","completed",90,80,100,100
"lm_ancova_v2_core_n80_r2_10_clear","clear",80,"core","significant","completed",47,16,78,100
"lm_ancova_v2_core_n80_r2_10_clear","clear",80,"core","significant","completed",70,40,100,100
"lm_ancova_v2_core_n80_r2_10_clear","clear",80,"core","significant","completed",74,48,100,100
"lm_ancova_v2_core_n80_r2_10_clear","clear",80,"core","significant","completed",74,48,100,100
"lm_ancova_v2_core_n80_r2_10_clear","clear",80,"core","significant","completed",52,20,84,100
"lm_ancova_v2_core_n80_r2_10_clear","clear",80,"core","significant","completed",53,20,86,100
"lm_ancova_v2_core_n80_r2_10_clear","clear",80,"core","significant","completed",37,8,66,100
"lm_ancova_v2_core_n80_r2_10_clear","clear",80,"core","significant","completed",72,44,100,100
"lm_ancova_v2_core_n80_r2_10_clear","clear",80,"core","significant","completed",58,28,88,100
"lm_ancova_v2_core_n80_r2_10_clear","clear",80,"core","significant","completed",68,40,96,100
"lm_ancova_v2_core_n80_r2_10_clear","clear",80,"core","significant","completed",51,16,86,100
"lm_ancova_v2_core_n80_r2_10_clear","clear",80,"core","significant","completed",42,12,72,100
"lm_ancova_v2_core_n80_r2_10_clear","clear",80,"core","significant","completed",42,12,72,100
"lm_ancova_v2_core_n80_r2_10_clear","clear",80,"core","significant","completed",82,64,100,100
"lm_ancova_v2_core_n80_r2_10_clear","clear",80,"core","significant","completed",80,60,100,100
"lm_ancova_v2_core_n80_r2_10_clear","clear",80,"core","significant","completed",88,76,100,100
"lm_ancova_v2_core_n80_r2_10_clear","clear",80,"core","significant","completed",61,32,90,100
"lm_ancova_v2_core_n80_r2_10_clear","clear",80,"core","significant","completed",31,4,58,96.25
"lm_ancova_v2_core_n80_r2_10_clear","clear",80,"core","significant","completed",57,24,90,100
"lm_ancova_v2_core_n80_r2_10_clear","clear",80,"core","significant","completed",69,40,98,100
"lm_ancova_v2_core_n80_r2_10_clear","clear",80,"core","significant","completed",36,8,64,100
"lm_ancova_v2_core_n80_r2_10_clear","clear",80,"core","significant","completed",44,16,72,100
"lm_ancova_v2_core_n80_r2_10_clear","clear",80,"core","significant","completed",52,24,80,100
"lm_ancova_v2_core_n80_r2_10_clear","clear",80,"core","significant","completed",35,8,62,100
"lm_ancova_v2_core_n80_r2_10_clear","clear",80,"core","significant","completed",52,16,88,100
"lm_ancova_v2_core_n80_r2_10_clear","clear",80,"core","significant","completed",71,44,98,100
"lm_ancova_v2_core_n80_r2_10_clear","clear",80,"core","significant","completed",71,48,94,100
"lm_ancova_v2_core_n80_r2_10_clear","clear",80,"core","significant","completed",56,20,92,100
"lm_ancova_v2_core_n80_r2_10_clear","clear",80,"core","significant","completed",50,16,84,100
"lm_ancova_v2_core_n80_r2_10_clear","clear",80,"core","significant","completed",72,44,100,100
"lm_ancova_v2_core_n80_r2_10_clear","clear",80,"core","significant","completed",57,24,90,100
"lm_ancova_v2_core_n80_r2_10_clear","clear",80,"core","significant","completed",71,44,98,100
"lm_ancova_v2_core_n80_r2_10_clear","clear",80,"core","significant","completed",70,40,100,100
"lm_ancova_v2_core_n80_r2_10_clear","clear",80,"core","significant","completed",66,36,96,100
"lm_ancova_v2_core_n80_r2_10_clear","clear",80,"core","significant","completed",65,32,98,100
"lm_ancova_v2_core_n80_r2_10_clear","clear",80,"core","significant","completed",58,28,88,100
"lm_ancova_v2_core_n80_r2_10_clear","clear",80,"core","significant","completed",58,24,92,100
"lm_ancova_v2_core_n80_r2_10_clear","clear",80,"core","significant","completed",43,12,74,100
"lm_ancova_v2_core_n80_r2_10_clear","clear",80,"core","significant","completed",39,12,66,100
"lm_ancova_v2_core_n80_r2_10_clear","clear",80,"core","significant","completed",41,12,70,100
"lm_ancova_v2_core_n80_r2_10_clear","clear",80,"core","significant","completed",66,32,100,100
"lm_ancova_v2_core_n80_r2_10_clear","clear",80,"core","significant","completed",57,24,90,100
"lm_ancova_v2_core_n80_r2_10_clear","clear",80,"core","significant","completed",74,48,100,100
"lm_ancova_v2_core_n80_r2_10_clear","clear",80,"core","significant","completed",76,52,100,100
"lm_ancova_v2_core_n80_r2_10_clear","clear",80,"core","significant","completed",32,4,60,98.75
"lm_ancova_v2_core_n80_r2_10_clear","clear",80,"core","significant","completed",64,32,96,100
"lm_ancova_v2_core_n80_r2_10_clear","clear",80,"core","significant","completed",65,44,86,100
"lm_ancova_v2_core_n80_r2_10_clear","clear",80,"core","significant","completed",34,4,64,96.25
"lm_ancova_v2_core_n80_r2_10_clear","clear",80,"core","significant","completed",61,32,90,100
"lm_ancova_v2_core_n80_r2_10_clear","clear",80,"core","significant","completed",54,20,88,100
"lm_ancova_v2_core_n80_r2_10_clear","clear",80,"core","significant","completed",74,48,100,100
"lm_ancova_v2_core_n80_r2_10_clear","clear",80,"core","significant","completed",50,20,80,100
"lm_ancova_v2_core_n80_r2_10_clear","clear",80,"core","significant","completed",37,8,66,100
"lm_ancova_v2_core_n80_r2_10_clear","clear",80,"core","significant","completed",72,44,100,100
"lm_ancova_v2_core_n80_r2_10_clear","clear",80,"core","significant","completed",68,36,100,100
"lm_ancova_v2_core_n80_r2_10_clear","clear",80,"core","significant","completed",44,8,80,100
"lm_ancova_v2_core_n80_r2_10_clear","clear",80,"core","significant","completed",57,28,86,100
"lm_ancova_v2_core_n80_r2_10_clear","clear",80,"core","significant","completed",86,72,100,100
"lm_ancova_v2_core_n80_r2_10_clear","clear",80,"core","significant","completed",50,16,84,100
"lm_ancova_v2_core_n80_r2_10_clear","clear",80,"core","significant","completed",66,36,96,100
"lm_ancova_v2_core_n80_r2_10_clear","clear",80,"core","significant","completed",52,20,84,100
"lm_ancova_v2_core_n80_r2_10_clear","clear",80,"core","significant","completed",67,40,94,100
"lm_ancova_v2_core_n80_r2_10_clear","clear",80,"core","significant","completed",48,16,80,100
"lm_ancova_v2_core_n80_r2_10_clear","clear",80,"core","significant","completed",30,4,56,97.5
"lm_ancova_v2_core_n80_r2_10_clear","clear",80,"core","significant","completed",58,24,92,100
"lm_ancova_v2_core_n80_r2_10_clear","clear",80,"core","significant","completed",84,68,100,100
"lm_ancova_v2_core_n80_r2_10_clear","clear",80,"core","significant","completed",60,28,92,100
"lm_ancova_v2_core_n80_r2_10_clear","clear",80,"core","significant","completed",46,12,80,100
"lm_ancova_v2_core_n80_r2_10_clear","clear",80,"core","significant","completed",67,36,98,100
"lm_ancova_v2_core_n80_r2_10_clear","clear",80,"core","significant","completed",73,48,98,100
"lm_ancova_v2_core_n80_r2_10_null","null",80,"core","significant","completed",34,8,60,100
"lm_ancova_v2_core_n80_r2_10_null","null",80,"core","significant","completed",37,8,66,100
"lm_ancova_v2_core_n80_r2_10_null","null",80,"core","significant","completed",29,4,54,55
"lm_ancova_v2_core_n80_r2_10_null","null",80,"core","significant","completed",31,4,58,68.75
"lm_ancova_v2_core_n80_r2_10_null","null",80,"core","significant","completed",24,4,44,88.75
"lm_ancova_v2_core_n80_r2_10_null","null",80,"core","significant","completed",36,8,64,100
"lm_ancova_v2_core_n80_r2_10_null","null",80,"core","significant","completed",67,40,94,100
"lm_ancova_v2_core_n80_r2_10_null","null",80,"core","significant","completed",23,4,42,61.25
"lm_ancova_v2_core_n80_r2_10_null","null",80,"core","significant","completed",27,4,50,76.25
"lm_ancova_v2_core_n80_r2_10_null","null",80,"core","significant","completed",26,4,48,83.75
"lm_ancova_v2_core_n80_r2_10_null","null",80,"core","significant","completed",44,12,76,100
"lm_ancova_v2_core_n80_r2_10_null","null",80,"core","significant","completed",44,12,76,100
"lm_ancova_v2_core_n80_r2_10_null","null",80,"core","significant","completed",25,4,46,43.75
"lm_ancova_v2_core_n80_r2_10_null","null",80,"core","significant","completed",35,8,62,100
"lm_ancova_v2_core_n80_r2_10_null","null",80,"core","significant","completed",35,8,62,100
"lm_ancova_v2_core_n80_r2_10_null","null",80,"core","significant","completed",39,8,70,100
"lm_ancova_v2_core_n80_r2_10_null","null",80,"core","significant","completed",42,16,68,100
"lm_ancova_v2_core_n80_r2_40_borderline","borderline",80,"core","significant","completed",67,36,98,100
"lm_ancova_v2_core_n80_r2_40_borderline","borderline",80,"core","significant","completed",76,52,100,100
"lm_ancova_v2_core_n80_r2_40_borderline","borderline",80,"core","significant","completed",73,48,98,100
"lm_ancova_v2_core_n80_r2_40_borderline","borderline",80,"core","significant","completed",63,28,98,100
"lm_ancova_v2_core_n80_r2_40_borderline","borderline",80,"core","significant","completed",55,20,90,100
"lm_ancova_v2_core_n80_r2_40_borderline","borderline",80,"core","significant","completed",38,8,68,100
"lm_ancova_v2_core_n80_r2_40_borderline","borderline",80,"core","significant","completed",61,24,98,100
"lm_ancova_v2_core_n80_r2_40_borderline","borderline",80,"core","significant","completed",58,28,88,100
"lm_ancova_v2_core_n80_r2_40_borderline","borderline",80,"core","significant","completed",34,4,64,92.5
"lm_ancova_v2_core_n80_r2_40_borderline","borderline",80,"core","significant","completed",55,24,86,100
"lm_ancova_v2_core_n80_r2_40_borderline","borderline",80,"core","significant","completed",71,44,98,100
"lm_ancova_v2_core_n80_r2_40_borderline","borderline",80,"core","significant","completed",49,20,78,100
"lm_ancova_v2_core_n80_r2_40_borderline","borderline",80,"core","significant","completed",47,12,82,100
"lm_ancova_v2_core_n80_r2_40_borderline","borderline",80,"core","significant","completed",54,24,84,100
"lm_ancova_v2_core_n80_r2_40_borderline","borderline",80,"core","significant","completed",36,8,64,100
"lm_ancova_v2_core_n80_r2_40_borderline","borderline",80,"core","significant","completed",48,16,80,100
"lm_ancova_v2_core_n80_r2_40_borderline","borderline",80,"core","significant","completed",39,12,66,100
"lm_ancova_v2_core_n80_r2_40_borderline","borderline",80,"core","significant","completed",48,16,80,100
"lm_ancova_v2_core_n80_r2_40_borderline","borderline",80,"core","significant","completed",32,4,60,93.75
"lm_ancova_v2_core_n80_r2_40_borderline","borderline",80,"core","significant","completed",37,8,66,100
"lm_ancova_v2_core_n80_r2_40_borderline","borderline",80,"core","significant","completed",41,16,66,100
"lm_ancova_v2_core_n80_r2_40_borderline","borderline",80,"core","significant","completed",37,8,66,100
"lm_ancova_v2_core_n80_r2_40_borderline","borderline",80,"core","significant","completed",39,8,70,100
"lm_ancova_v2_core_n80_r2_40_borderline","borderline",80,"core","significant","completed",35,8,62,100
"lm_ancova_v2_core_n80_r2_40_borderline","borderline",80,"core","significant","completed",31,12,50,100
"lm_ancova_v2_core_n80_r2_40_borderline","borderline",80,"core","significant","completed",39,16,62,100
"lm_ancova_v2_core_n80_r2_40_borderline","borderline",80,"core","significant","completed",60,28,92,100
"lm_ancova_v2_core_n80_r2_40_borderline","borderline",80,"core","significant","completed",27,4,50,51.25
"lm_ancova_v2_core_n80_r2_40_borderline","borderline",80,"core","significant","completed",39,12,66,100
"lm_ancova_v2_core_n80_r2_40_borderline","borderline",80,"core","significant","completed",46,16,76,100
"lm_ancova_v2_core_n80_r2_40_borderline","borderline",80,"core","significant","completed",64,32,96,100
"lm_ancova_v2_core_n80_r2_40_borderline","borderline",80,"core","significant","completed",53,20,86,100
"lm_ancova_v2_core_n80_r2_40_borderline","borderline",80,"core","significant","completed",48,16,80,100
"lm_ancova_v2_core_n80_r2_40_borderline","borderline",80,"core","significant","completed",71,44,98,100
"lm_ancova_v2_core_n80_r2_40_borderline","borderline",80,"core","significant","completed",43,8,78,100
"lm_ancova_v2_core_n80_r2_40_borderline","borderline",80,"core","significant","completed",34,8,60,100
"lm_ancova_v2_core_n80_r2_40_borderline","borderline",80,"core","significant","completed",29,8,50,100
"lm_ancova_v2_core_n80_r2_40_borderline","borderline",80,"core","significant","completed",45,12,78,100
"lm_ancova_v2_core_n80_r2_40_borderline","borderline",80,"core","significant","completed",59,24,94,100
"lm_ancova_v2_core_n80_r2_40_borderline","borderline",80,"core","significant","completed",60,28,92,100
"lm_ancova_v2_core_n80_r2_40_borderline","borderline",80,"core","significant","completed",51,20,82,100
"lm_ancova_v2_core_n80_r2_40_borderline","borderline",80,"core","significant","completed",29,4,54,78.75
"lm_ancova_v2_core_n80_r2_40_borderline","borderline",80,"core","significant","completed",41,12,70,100
"lm_ancova_v2_core_n80_r2_40_borderline","borderline",80,"core","significant","completed",82,64,100,100
"lm_ancova_v2_core_n80_r2_40_borderline","borderline",80,"core","significant","completed",39,8,70,100
"lm_ancova_v2_core_n80_r2_40_borderline","borderline",80,"core","significant","completed",60,24,96,100
"lm_ancova_v2_core_n80_r2_40_borderline","borderline",80,"core","significant","completed",67,36,98,100
"lm_ancova_v2_core_n80_r2_40_borderline","borderline",80,"core","significant","completed",32,4,60,92.5
"lm_ancova_v2_core_n80_r2_40_borderline","borderline",80,"core","significant","completed",36,12,60,100
"lm_ancova_v2_core_n80_r2_40_borderline","borderline",80,"core","significant","completed",38,8,68,100
"lm_ancova_v2_core_n80_r2_40_borderline","borderline",80,"core","significant","completed",31,8,54,100
"lm_ancova_v2_core_n80_r2_40_borderline","borderline",80,"core","significant","completed",60,28,92,100
"lm_ancova_v2_core_n80_r2_40_borderline","borderline",80,"core","significant","completed",72,48,96,100
"lm_ancova_v2_core_n80_r2_40_borderline","borderline",80,"core","significant","completed",73,48,98,100
"lm_ancova_v2_core_n80_r2_40_borderline","borderline",80,"core","significant","completed",41,8,74,100
"lm_ancova_v2_core_n80_r2_40_borderline","borderline",80,"core","significant","completed",27,4,50,80
"lm_ancova_v2_core_n80_r2_40_borderline","borderline",80,"core","significant","completed",29,8,50,100
"lm_ancova_v2_core_n80_r2_40_borderline","borderline",80,"core","significant","completed",35,8,62,100
"lm_ancova_v2_core_n80_r2_40_borderline","borderline",80,"core","significant","completed",51,24,78,100
"lm_ancova_v2_core_n80_r2_40_borderline","borderline",80,"core","significant","completed",43,16,70,100
"lm_ancova_v2_core_n80_r2_40_borderline","borderline",80,"core","significant","completed",53,16,90,100
"lm_ancova_v2_core_n80_r2_40_borderline","borderline",80,"core","significant","completed",50,20,80,100
"lm_ancova_v2_core_n80_r2_40_borderline","borderline",80,"core","significant","completed",27,4,50,96.25
"lm_ancova_v2_core_n80_r2_40_borderline","borderline",80,"core","significant","completed",51,20,82,100
"lm_ancova_v2_core_n80_r2_40_borderline","borderline",80,"core","significant","completed",42,12,72,100
"lm_ancova_v2_core_n80_r2_40_borderline","borderline",80,"core","significant","completed",41,16,66,100
"lm_ancova_v2_core_n80_r2_40_borderline","borderline",80,"core","significant","completed",54,20,88,100
"lm_ancova_v2_core_n80_r2_40_borderline","borderline",80,"core","significant","completed",37,8,66,100
"lm_ancova_v2_core_n80_r2_40_borderline","borderline",80,"core","significant","completed",39,16,62,100
"lm_ancova_v2_core_n80_r2_40_borderline","borderline",80,"core","significant","completed",49,20,78,100
"lm_ancova_v2_core_n80_r2_40_borderline","borderline",80,"core","significant","completed",56,20,92,100
"lm_ancova_v2_core_n80_r2_40_borderline","borderline",80,"core","significant","completed",38,12,64,100
"lm_ancova_v2_core_n80_r2_40_borderline","borderline",80,"core","significant","completed",55,20,90,100
"lm_ancova_v2_core_n80_r2_40_borderline","borderline",80,"core","significant","completed",33,4,62,46.25
"lm_ancova_v2_core_n80_r2_40_borderline","borderline",80,"core","significant","completed",35,4,66,98.75
"lm_ancova_v2_core_n80_r2_40_borderline","borderline",80,"core","significant","completed",46,16,76,100
"lm_ancova_v2_core_n80_r2_40_borderline","borderline",80,"core","significant","completed",35,8,62,100
"lm_ancova_v2_core_n80_r2_40_borderline","borderline",80,"core","significant","completed",29,4,54,98.75
"lm_ancova_v2_core_n80_r2_40_borderline","borderline",80,"core","significant","completed",69,40,98,100
"lm_ancova_v2_core_n80_r2_40_borderline","borderline",80,"core","significant","completed",38,4,72,95
"lm_ancova_v2_core_n80_r2_40_borderline","borderline",80,"core","significant","completed",57,24,90,100
"lm_ancova_v2_core_n80_r2_40_borderline","borderline",80,"core","significant","completed",36,12,60,100
"lm_ancova_v2_core_n80_r2_40_borderline","borderline",80,"core","significant","completed",61,28,94,100
"lm_ancova_v2_core_n80_r2_40_borderline","borderline",80,"core","significant","completed",63,36,90,100
"lm_ancova_v2_core_n80_r2_40_borderline","borderline",80,"core","significant","completed",54,24,84,100
"lm_ancova_v2_core_n80_r2_40_borderline","borderline",80,"core","significant","completed",41,8,74,100
"lm_ancova_v2_core_n80_r2_40_borderline","borderline",80,"core","significant","completed",43,8,78,100
"lm_ancova_v2_core_n80_r2_40_borderline","borderline",80,"core","significant","completed",47,20,74,100
"lm_ancova_v2_core_n80_r2_40_borderline","borderline",80,"core","significant","completed",33,8,58,100
"lm_ancova_v2_core_n80_r2_40_borderline","borderline",80,"core","significant","completed",54,24,84,100
"lm_ancova_v2_core_n80_r2_40_borderline","borderline",80,"core","significant","completed",32,4,60,93.75
"lm_ancova_v2_core_n80_r2_40_borderline","borderline",80,"core","significant","completed",42,12,72,100
"lm_ancova_v2_core_n80_r2_40_borderline","borderline",80,"core","significant","completed",54,28,80,100
"lm_ancova_v2_core_n80_r2_40_borderline","borderline",80,"core","significant","completed",65,36,94,100
"lm_ancova_v2_core_n80_r2_40_borderline","borderline",80,"core","significant","completed",32,8,56,100
"lm_ancova_v2_core_n80_r2_40_borderline","borderline",80,"core","significant","completed",36,8,64,100
"lm_ancova_v2_core_n80_r2_40_borderline","borderline",80,"core","significant","completed",57,24,90,100
"lm_ancova_v2_core_n80_r2_40_borderline","borderline",80,"core","significant","completed",62,32,92,100
"lm_ancova_v2_core_n80_r2_40_borderline","borderline",80,"core","significant","completed",68,36,100,100
"lm_ancova_v2_core_n80_r2_40_borderline","borderline",80,"core","significant","completed",60,28,92,100
"lm_ancova_v2_core_n80_r2_40_clear","clear",80,"core","significant","completed",43,12,74,100
"lm_ancova_v2_core_n80_r2_40_clear","clear",80,"core","significant","completed",42,12,72,100
"lm_ancova_v2_core_n80_r2_40_clear","clear",80,"core","significant","completed",60,28,92,100
"lm_ancova_v2_core_n80_r2_40_clear","clear",80,"core","significant","completed",38,8,68,100
"lm_ancova_v2_core_n80_r2_40_clear","clear",80,"core","significant","completed",51,16,86,100
"lm_ancova_v2_core_n80_r2_40_clear","clear",80,"core","significant","completed",51,16,86,100
"lm_ancova_v2_core_n80_r2_40_clear","clear",80,"core","significant","completed",56,24,88,100
"lm_ancova_v2_core_n80_r2_40_clear","clear",80,"core","significant","completed",41,12,70,100
"lm_ancova_v2_core_n80_r2_40_clear","clear",80,"core","significant","completed",51,24,78,100
"lm_ancova_v2_core_n80_r2_40_clear","clear",80,"core","significant","completed",60,24,96,100
"lm_ancova_v2_core_n80_r2_40_clear","clear",80,"core","significant","completed",60,28,92,100
"lm_ancova_v2_core_n80_r2_40_clear","clear",80,"core","significant","completed",56,20,92,100
"lm_ancova_v2_core_n80_r2_40_clear","clear",80,"core","significant","completed",50,20,80,100
"lm_ancova_v2_core_n80_r2_40_clear","clear",80,"core","significant","completed",44,12,76,100
"lm_ancova_v2_core_n80_r2_40_clear","clear",80,"core","significant","completed",68,40,96,100
"lm_ancova_v2_core_n80_r2_40_clear","clear",80,"core","significant","completed",58,24,92,100
"lm_ancova_v2_core_n80_r2_40_clear","clear",80,"core","significant","completed",49,16,82,100
"lm_ancova_v2_core_n80_r2_40_clear","clear",80,"core","significant","completed",63,32,94,100
"lm_ancova_v2_core_n80_r2_40_clear","clear",80,"core","significant","completed",66,36,96,100
"lm_ancova_v2_core_n80_r2_40_clear","clear",80,"core","significant","completed",73,48,98,100
"lm_ancova_v2_core_n80_r2_40_clear","clear",80,"core","significant","completed",56,24,88,100
"lm_ancova_v2_core_n80_r2_40_clear","clear",80,"core","significant","completed",72,44,100,100
"lm_ancova_v2_core_n80_r2_40_clear","clear",80,"core","significant","completed",52,20,84,100
"lm_ancova_v2_core_n80_r2_40_clear","clear",80,"core","significant","completed",76,52,100,100
"lm_ancova_v2_core_n80_r2_40_clear","clear",80,"core","significant","completed",62,32,92,100
"lm_ancova_v2_core_n80_r2_40_clear","clear",80,"core","significant","completed",58,24,92,100
"lm_ancova_v2_core_n80_r2_40_clear","clear",80,"core","significant","completed",57,24,90,100
"lm_ancova_v2_core_n80_r2_40_clear","clear",80,"core","significant","completed",71,48,94,100
"lm_ancova_v2_core_n80_r2_40_clear","clear",80,"core","significant","completed",37,8,66,100
"lm_ancova_v2_core_n80_r2_40_clear","clear",80,"core","significant","completed",65,32,98,100
"lm_ancova_v2_core_n80_r2_40_clear","clear",80,"core","significant","completed",36,8,64,100
"lm_ancova_v2_core_n80_r2_40_clear","clear",80,"core","significant","completed",82,64,100,100
"lm_ancova_v2_core_n80_r2_40_clear","clear",80,"core","significant","completed",69,40,98,100
"lm_ancova_v2_core_n80_r2_40_clear","clear",80,"core","significant","completed",67,36,98,100
"lm_ancova_v2_core_n80_r2_40_clear","clear",80,"core","significant","completed",74,48,100,100
"lm_ancova_v2_core_n80_r2_40_clear","clear",80,"core","significant","completed",67,40,94,100
"lm_ancova_v2_core_n80_r2_40_clear","clear",80,"core","significant","completed",74,48,100,100
"lm_ancova_v2_core_n80_r2_40_clear","clear",80,"core","significant","completed",46,20,72,100
"lm_ancova_v2_core_n80_r2_40_clear","clear",80,"core","significant","completed",35,12,58,100
"lm_ancova_v2_core_n80_r2_40_clear","clear",80,"core","significant","completed",67,36,98,100
"lm_ancova_v2_core_n80_r2_40_clear","clear",80,"core","significant","completed",54,20,88,100
"lm_ancova_v2_core_n80_r2_40_clear","clear",80,"core","significant","completed",47,16,78,100
"lm_ancova_v2_core_n80_r2_40_clear","clear",80,"core","significant","completed",40,12,68,100
"lm_ancova_v2_core_n80_r2_40_clear","clear",80,"core","significant","completed",37,12,62,100
"lm_ancova_v2_core_n80_r2_40_clear","clear",80,"core","significant","completed",35,8,62,100
"lm_ancova_v2_core_n80_r2_40_clear","clear",80,"core","significant","completed",71,44,98,100
"lm_ancova_v2_core_n80_r2_40_clear","clear",80,"core","significant","completed",55,20,90,100
"lm_ancova_v2_core_n80_r2_40_clear","clear",80,"core","significant","completed",80,60,100,100
"lm_ancova_v2_core_n80_r2_40_clear","clear",80,"core","significant","completed",82,64,100,100
"lm_ancova_v2_core_n80_r2_40_clear","clear",80,"core","significant","completed",63,32,94,100
"lm_ancova_v2_core_n80_r2_40_clear","clear",80,"core","significant","completed",55,24,86,100
"lm_ancova_v2_core_n80_r2_40_clear","clear",80,"core","significant","completed",74,48,100,100
"lm_ancova_v2_core_n80_r2_40_clear","clear",80,"core","significant","completed",70,40,100,100
"lm_ancova_v2_core_n80_r2_40_clear","clear",80,"core","significant","completed",67,36,98,100
"lm_ancova_v2_core_n80_r2_40_clear","clear",80,"core","significant","completed",34,8,60,100
"lm_ancova_v2_core_n80_r2_40_clear","clear",80,"core","significant","completed",52,20,84,100
"lm_ancova_v2_core_n80_r2_40_clear","clear",80,"core","significant","completed",53,24,82,100
"lm_ancova_v2_core_n80_r2_40_clear","clear",80,"core","significant","completed",65,36,94,100
"lm_ancova_v2_core_n80_r2_40_clear","clear",80,"core","significant","completed",58,28,88,100
"lm_ancova_v2_core_n80_r2_40_clear","clear",80,"core","significant","completed",72,44,100,100
"lm_ancova_v2_core_n80_r2_40_clear","clear",80,"core","significant","completed",33,8,58,100
"lm_ancova_v2_core_n80_r2_40_clear","clear",80,"core","significant","completed",77,56,98,100
"lm_ancova_v2_core_n80_r2_40_clear","clear",80,"core","significant","completed",75,52,98,100
"lm_ancova_v2_core_n80_r2_40_clear","clear",80,"core","significant","completed",53,20,86,100
"lm_ancova_v2_core_n80_r2_40_clear","clear",80,"core","significant","completed",50,20,80,100
"lm_ancova_v2_core_n80_r2_40_clear","clear",80,"core","significant","completed",53,16,90,100
"lm_ancova_v2_core_n80_r2_40_clear","clear",80,"core","significant","completed",40,12,68,100
"lm_ancova_v2_core_n80_r2_40_clear","clear",80,"core","significant","completed",52,16,88,100
"lm_ancova_v2_core_n80_r2_40_clear","clear",80,"core","significant","completed",76,52,100,100
"lm_ancova_v2_core_n80_r2_40_clear","clear",80,"core","significant","completed",71,44,98,100
"lm_ancova_v2_core_n80_r2_40_clear","clear",80,"core","significant","completed",84,68,100,100
"lm_ancova_v2_core_n80_r2_40_clear","clear",80,"core","significant","completed",58,24,92,100
"lm_ancova_v2_core_n80_r2_40_clear","clear",80,"core","significant","completed",71,44,98,100
"lm_ancova_v2_core_n80_r2_40_clear","clear",80,"core","significant","completed",74,48,100,100
"lm_ancova_v2_core_n80_r2_40_clear","clear",80,"core","significant","completed",50,16,84,100
"lm_ancova_v2_core_n80_r2_40_clear","clear",80,"core","significant","completed",31,4,58,98.75
"lm_ancova_v2_core_n80_r2_40_clear","clear",80,"core","significant","completed",62,28,96,100
"lm_ancova_v2_core_n80_r2_40_clear","clear",80,"core","significant","completed",96,92,100,100
"lm_ancova_v2_core_n80_r2_40_clear","clear",80,"core","significant","completed",75,52,98,100
"lm_ancova_v2_core_n80_r2_40_clear","clear",80,"core","significant","completed",38,12,64,100
"lm_ancova_v2_core_n80_r2_40_clear","clear",80,"core","significant","completed",49,20,78,100
"lm_ancova_v2_core_n80_r2_40_clear","clear",80,"core","significant","completed",78,56,100,100
"lm_ancova_v2_core_n80_r2_40_clear","clear",80,"core","significant","completed",24,4,44,85
"lm_ancova_v2_core_n80_r2_40_clear","clear",80,"core","significant","completed",38,12,64,100
"lm_ancova_v2_core_n80_r2_40_clear","clear",80,"core","significant","completed",49,16,82,100
"lm_ancova_v2_core_n80_r2_40_clear","clear",80,"core","significant","completed",45,16,74,100
"lm_ancova_v2_core_n80_r2_40_clear","clear",80,"core","significant","completed",67,36,98,100
"lm_ancova_v2_core_n80_r2_40_clear","clear",80,"core","significant","completed",53,24,82,100
"lm_ancova_v2_core_n80_r2_40_clear","clear",80,"core","significant","completed",70,44,96,100
"lm_ancova_v2_core_n80_r2_40_clear","clear",80,"core","significant","completed",86,72,100,100
"lm_ancova_v2_core_n80_r2_40_clear","clear",80,"core","significant","completed",71,44,98,100
"lm_ancova_v2_core_n80_r2_40_clear","clear",80,"core","significant","completed",64,32,96,100
"lm_ancova_v2_core_n80_r2_40_clear","clear",80,"core","significant","completed",69,40,98,100
"lm_ancova_v2_core_n80_r2_40_clear","clear",80,"core","significant","completed",61,28,94,100
"lm_ancova_v2_core_n80_r2_40_clear","clear",80,"core","significant","completed",72,44,100,100
"lm_ancova_v2_core_n80_r2_40_clear","clear",80,"core","significant","completed",50,20,80,100
"lm_ancova_v2_core_n80_r2_40_clear","clear",80,"core","significant","completed",29,8,50,100
"lm_ancova_v2_core_n80_r2_40_clear","clear",80,"core","significant","completed",55,28,82,100
"lm_ancova_v2_core_n80_r2_40_clear","clear",80,"core","significant","completed",66,32,100,100
"lm_ancova_v2_core_n80_r2_40_clear","clear",80,"core","significant","completed",67,36,98,100
"lm_ancova_v2_core_n80_r2_40_null","null",80,"core","significant","completed",61,28,94,100
"lm_ancova_v2_core_n80_r2_40_null","null",80,"core","significant","completed",46,12,80,100
"lm_ancova_v2_core_n80_r2_40_null","null",80,"core","significant","completed",45,16,74,100
"lm_ancova_v2_core_n80_r2_40_null","null",80,"core","significant","completed",32,8,56,100
"lm_ancova_v2_core_n80_r2_40_null","null",80,"core","significant","completed",24,4,44,70
"lm_ancova_v2_core_n80_r2_40_null","null",80,"core","significant","completed",36,4,68,73.75
"lm_ancova_v2_core_n80_r2_40_null","null",80,"core","significant","completed",48,16,80,100
"lm_ancova_v2_core_n80_r2_40_null","null",80,"core","significant","completed",44,12,76,100
"lm_ancova_v2_core_n80_r2_40_null","null",80,"core","significant","completed",32,4,60,98.75
"lm_ancova_v2_core_n80_r2_70_borderline","borderline",80,"core","significant","completed",42,16,68,100
"lm_ancova_v2_core_n80_r2_70_borderline","borderline",80,"core","significant","completed",76,52,100,100
"lm_ancova_v2_core_n80_r2_70_borderline","borderline",80,"core","significant","completed",68,36,100,100
"lm_ancova_v2_core_n80_r2_70_borderline","borderline",80,"core","significant","completed",68,40,96,100
"lm_ancova_v2_core_n80_r2_70_borderline","borderline",80,"core","significant","completed",62,32,92,100
"lm_ancova_v2_core_n80_r2_70_borderline","borderline",80,"core","significant","completed",57,28,86,100
"lm_ancova_v2_core_n80_r2_70_borderline","borderline",80,"core","significant","completed",49,12,86,100
"lm_ancova_v2_core_n80_r2_70_borderline","borderline",80,"core","significant","completed",36,12,60,100
"lm_ancova_v2_core_n80_r2_70_borderline","borderline",80,"core","significant","completed",80,60,100,100
"lm_ancova_v2_core_n80_r2_70_borderline","borderline",80,"core","significant","completed",67,40,94,100
"lm_ancova_v2_core_n80_r2_70_borderline","borderline",80,"core","significant","completed",37,8,66,100
"lm_ancova_v2_core_n80_r2_70_borderline","borderline",80,"core","significant","completed",26,4,48,98.75
"lm_ancova_v2_core_n80_r2_70_borderline","borderline",80,"core","significant","completed",33,8,58,100
"lm_ancova_v2_core_n80_r2_70_borderline","borderline",80,"core","significant","completed",44,16,72,100
"lm_ancova_v2_core_n80_r2_70_borderline","borderline",80,"core","significant","completed",50,16,84,100
"lm_ancova_v2_core_n80_r2_70_borderline","borderline",80,"core","significant","completed",39,8,70,100
"lm_ancova_v2_core_n80_r2_70_borderline","borderline",80,"core","significant","completed",60,28,92,100
"lm_ancova_v2_core_n80_r2_70_borderline","borderline",80,"core","significant","completed",37,12,62,100
"lm_ancova_v2_core_n80_r2_70_borderline","borderline",80,"core","significant","completed",37,8,66,100
"lm_ancova_v2_core_n80_r2_70_borderline","borderline",80,"core","significant","completed",46,12,80,100
"lm_ancova_v2_core_n80_r2_70_borderline","borderline",80,"core","significant","completed",54,20,88,100
"lm_ancova_v2_core_n80_r2_70_borderline","borderline",80,"core","significant","completed",27,4,50,62.5
"lm_ancova_v2_core_n80_r2_70_borderline","borderline",80,"core","significant","completed",40,12,68,100
"lm_ancova_v2_core_n80_r2_70_borderline","borderline",80,"core","significant","completed",56,24,88,100
"lm_ancova_v2_core_n80_r2_70_borderline","borderline",80,"core","significant","completed",74,48,100,100
"lm_ancova_v2_core_n80_r2_70_borderline","borderline",80,"core","significant","completed",67,36,98,100
"lm_ancova_v2_core_n80_r2_70_borderline","borderline",80,"core","significant","completed",25,4,46,80
"lm_ancova_v2_core_n80_r2_70_borderline","borderline",80,"core","significant","completed",57,24,90,100
"lm_ancova_v2_core_n80_r2_70_borderline","borderline",80,"core","significant","completed",49,12,86,100
"lm_ancova_v2_core_n80_r2_70_borderline","borderline",80,"core","significant","completed",46,12,80,100
"lm_ancova_v2_core_n80_r2_70_borderline","borderline",80,"core","significant","completed",67,40,94,100
"lm_ancova_v2_core_n80_r2_70_borderline","borderline",80,"core","significant","completed",46,12,80,100
"lm_ancova_v2_core_n80_r2_70_borderline","borderline",80,"core","significant","completed",62,28,96,100
"lm_ancova_v2_core_n80_r2_70_borderline","borderline",80,"core","significant","completed",62,28,96,100
"lm_ancova_v2_core_n80_r2_70_borderline","borderline",80,"core","significant","completed",38,12,64,100
"lm_ancova_v2_core_n80_r2_70_borderline","borderline",80,"core","significant","completed",36,8,64,100
"lm_ancova_v2_core_n80_r2_70_borderline","borderline",80,"core","significant","completed",39,12,66,100
"lm_ancova_v2_core_n80_r2_70_borderline","borderline",80,"core","significant","completed",35,8,62,100
"lm_ancova_v2_core_n80_r2_70_borderline","borderline",80,"core","significant","completed",34,4,64,98.75
"lm_ancova_v2_core_n80_r2_70_borderline","borderline",80,"core","significant","completed",48,16,80,100
"lm_ancova_v2_core_n80_r2_70_borderline","borderline",80,"core","significant","completed",53,24,82,100
"lm_ancova_v2_core_n80_r2_70_borderline","borderline",80,"core","significant","completed",38,12,64,100
"lm_ancova_v2_core_n80_r2_70_borderline","borderline",80,"core","significant","completed",69,44,94,100
"lm_ancova_v2_core_n80_r2_70_borderline","borderline",80,"core","significant","completed",33,4,62,97.5
"lm_ancova_v2_core_n80_r2_70_borderline","borderline",80,"core","significant","completed",41,8,74,100
"lm_ancova_v2_core_n80_r2_70_borderline","borderline",80,"core","significant","completed",71,44,98,100
"lm_ancova_v2_core_n80_r2_70_borderline","borderline",80,"core","significant","completed",32,8,56,100
"lm_ancova_v2_core_n80_r2_70_borderline","borderline",80,"core","significant","completed",48,16,80,100
"lm_ancova_v2_core_n80_r2_70_borderline","borderline",80,"core","significant","completed",63,32,94,100
"lm_ancova_v2_core_n80_r2_70_borderline","borderline",80,"core","significant","completed",26,4,48,51.25
"lm_ancova_v2_core_n80_r2_70_borderline","borderline",80,"core","significant","completed",84,68,100,100
"lm_ancova_v2_core_n80_r2_70_borderline","borderline",80,"core","significant","completed",69,40,98,100
"lm_ancova_v2_core_n80_r2_70_borderline","borderline",80,"core","significant","completed",48,16,80,100
"lm_ancova_v2_core_n80_r2_70_borderline","borderline",80,"core","significant","completed",69,40,98,100
"lm_ancova_v2_core_n80_r2_70_borderline","borderline",80,"core","significant","completed",50,16,84,100
"lm_ancova_v2_core_n80_r2_70_borderline","borderline",80,"core","significant","completed",55,20,90,100
"lm_ancova_v2_core_n80_r2_70_borderline","borderline",80,"core","significant","completed",24,4,44,66.25
"lm_ancova_v2_core_n80_r2_70_borderline","borderline",80,"core","significant","completed",25,4,46,62.5
"lm_ancova_v2_core_n80_r2_70_borderline","borderline",80,"core","significant","completed",54,20,88,100
"lm_ancova_v2_core_n80_r2_70_borderline","borderline",80,"core","significant","completed",43,16,70,100
"lm_ancova_v2_core_n80_r2_70_borderline","borderline",80,"core","significant","completed",36,8,64,100
"lm_ancova_v2_core_n80_r2_70_borderline","borderline",80,"core","significant","completed",41,8,74,100
"lm_ancova_v2_core_n80_r2_70_borderline","borderline",80,"core","significant","completed",29,4,54,45
"lm_ancova_v2_core_n80_r2_70_borderline","borderline",80,"core","significant","completed",55,24,86,100
"lm_ancova_v2_core_n80_r2_70_borderline","borderline",80,"core","significant","completed",68,40,96,100
"lm_ancova_v2_core_n80_r2_70_borderline","borderline",80,"core","significant","completed",28,4,52,83.75
"lm_ancova_v2_core_n80_r2_70_borderline","borderline",80,"core","significant","completed",38,8,68,100
"lm_ancova_v2_core_n80_r2_70_borderline","borderline",80,"core","significant","completed",46,12,80,100
"lm_ancova_v2_core_n80_r2_70_borderline","borderline",80,"core","significant","completed",41,12,70,100
"lm_ancova_v2_core_n80_r2_70_borderline","borderline",80,"core","significant","completed",75,52,98,100
"lm_ancova_v2_core_n80_r2_70_borderline","borderline",80,"core","significant","completed",45,16,74,100
"lm_ancova_v2_core_n80_r2_70_borderline","borderline",80,"core","significant","completed",29,4,54,67.5
"lm_ancova_v2_core_n80_r2_70_borderline","borderline",80,"core","significant","completed",74,48,100,100
"lm_ancova_v2_core_n80_r2_70_borderline","borderline",80,"core","significant","completed",57,20,94,100
"lm_ancova_v2_core_n80_r2_70_borderline","borderline",80,"core","significant","completed",38,12,64,100
"lm_ancova_v2_core_n80_r2_70_borderline","borderline",80,"core","significant","completed",51,16,86,100
"lm_ancova_v2_core_n80_r2_70_borderline","borderline",80,"core","significant","completed",43,12,74,100
"lm_ancova_v2_core_n80_r2_70_borderline","borderline",80,"core","significant","completed",52,16,88,100
"lm_ancova_v2_core_n80_r2_70_borderline","borderline",80,"core","significant","completed",54,20,88,100
"lm_ancova_v2_core_n80_r2_70_borderline","borderline",80,"core","significant","completed",35,8,62,100
"lm_ancova_v2_core_n80_r2_70_borderline","borderline",80,"core","significant","completed",62,28,96,100
"lm_ancova_v2_core_n80_r2_70_borderline","borderline",80,"core","significant","completed",41,12,70,100
"lm_ancova_v2_core_n80_r2_70_borderline","borderline",80,"core","significant","completed",46,16,76,100
"lm_ancova_v2_core_n80_r2_70_borderline","borderline",80,"core","significant","completed",50,20,80,100
"lm_ancova_v2_core_n80_r2_70_borderline","borderline",80,"core","significant","completed",80,60,100,100
"lm_ancova_v2_core_n80_r2_70_borderline","borderline",80,"core","significant","completed",20,4,36,63.75
"lm_ancova_v2_core_n80_r2_70_borderline","borderline",80,"core","significant","completed",60,28,92,100
"lm_ancova_v2_core_n80_r2_70_borderline","borderline",80,"core","significant","completed",45,12,78,100
"lm_ancova_v2_core_n80_r2_70_borderline","borderline",80,"core","significant","completed",54,20,88,100
"lm_ancova_v2_core_n80_r2_70_borderline","borderline",80,"core","significant","completed",40,8,72,100
"lm_ancova_v2_core_n80_r2_70_borderline","borderline",80,"core","significant","completed",86,72,100,100
"lm_ancova_v2_core_n80_r2_70_borderline","borderline",80,"core","significant","completed",31,4,58,53.75
"lm_ancova_v2_core_n80_r2_70_borderline","borderline",80,"core","significant","completed",59,28,90,100
"lm_ancova_v2_core_n80_r2_70_borderline","borderline",80,"core","significant","completed",56,28,84,100
"lm_ancova_v2_core_n80_r2_70_borderline","borderline",80,"core","significant","completed",48,16,80,100
"lm_ancova_v2_core_n80_r2_70_borderline","borderline",80,"core","significant","completed",51,20,82,100
"lm_ancova_v2_core_n80_r2_70_borderline","borderline",80,"core","significant","completed",60,24,96,100
"lm_ancova_v2_core_n80_r2_70_borderline","borderline",80,"core","significant","completed",53,20,86,100
"lm_ancova_v2_core_n80_r2_70_borderline","borderline",80,"core","significant","completed",64,32,96,100
"lm_ancova_v2_core_n80_r2_70_borderline","borderline",80,"core","significant","completed",56,24,88,100
"lm_ancova_v2_core_n80_r2_70_clear","clear",80,"core","significant","completed",90,80,100,100
"lm_ancova_v2_core_n80_r2_70_clear","clear",80,"core","significant","completed",72,44,100,100
"lm_ancova_v2_core_n80_r2_70_clear","clear",80,"core","significant","completed",62,32,92,100
"lm_ancova_v2_core_n80_r2_70_clear","clear",80,"core","significant","completed",48,16,80,100
"lm_ancova_v2_core_n80_r2_70_clear","clear",80,"core","significant","completed",70,44,96,100
"lm_ancova_v2_core_n80_r2_70_clear","clear",80,"core","significant","completed",66,40,92,100
"lm_ancova_v2_core_n80_r2_70_clear","clear",80,"core","significant","completed",74,48,100,100
"lm_ancova_v2_core_n80_r2_70_clear","clear",80,"core","significant","completed",52,20,84,100
"lm_ancova_v2_core_n80_r2_70_clear","clear",80,"core","significant","completed",50,20,80,100
"lm_ancova_v2_core_n80_r2_70_clear","clear",80,"core","significant","completed",65,32,98,100
"lm_ancova_v2_core_n80_r2_70_clear","clear",80,"core","significant","completed",27,4,50,78.75
"lm_ancova_v2_core_n80_r2_70_clear","clear",80,"core","significant","completed",69,40,98,100
"lm_ancova_v2_core_n80_r2_70_clear","clear",80,"core","significant","completed",61,28,94,100
"lm_ancova_v2_core_n80_r2_70_clear","clear",80,"core","significant","completed",67,40,94,100
"lm_ancova_v2_core_n80_r2_70_clear","clear",80,"core","significant","completed",45,16,74,100
"lm_ancova_v2_core_n80_r2_70_clear","clear",80,"core","significant","completed",48,16,80,100
"lm_ancova_v2_core_n80_r2_70_clear","clear",80,"core","significant","completed",78,56,100,100
"lm_ancova_v2_core_n80_r2_70_clear","clear",80,"core","significant","completed",51,24,78,100
"lm_ancova_v2_core_n80_r2_70_clear","clear",80,"core","significant","completed",70,40,100,100
"lm_ancova_v2_core_n80_r2_70_clear","clear",80,"core","significant","completed",36,8,64,100
"lm_ancova_v2_core_n80_r2_70_clear","clear",80,"core","significant","completed",52,16,88,100
"lm_ancova_v2_core_n80_r2_70_clear","clear",80,"core","significant","completed",72,44,100,100
"lm_ancova_v2_core_n80_r2_70_clear","clear",80,"core","significant","completed",53,24,82,100
"lm_ancova_v2_core_n80_r2_70_clear","clear",80,"core","significant","completed",51,12,90,100
"lm_ancova_v2_core_n80_r2_70_clear","clear",80,"core","significant","completed",74,48,100,100
"lm_ancova_v2_core_n80_r2_70_clear","clear",80,"core","significant","completed",71,44,98,100
"lm_ancova_v2_core_n80_r2_70_clear","clear",80,"core","significant","completed",62,36,88,100
"lm_ancova_v2_core_n80_r2_70_clear","clear",80,"core","significant","completed",71,44,98,100
"lm_ancova_v2_core_n80_r2_70_clear","clear",80,"core","significant","completed",63,32,94,100
"lm_ancova_v2_core_n80_r2_70_clear","clear",80,"core","significant","completed",71,44,98,100
"lm_ancova_v2_core_n80_r2_70_clear","clear",80,"core","significant","completed",76,52,100,100
"lm_ancova_v2_core_n80_r2_70_clear","clear",80,"core","significant","completed",46,20,72,100
"lm_ancova_v2_core_n80_r2_70_clear","clear",80,"core","significant","completed",66,36,96,100
"lm_ancova_v2_core_n80_r2_70_clear","clear",80,"core","significant","completed",65,32,98,100
"lm_ancova_v2_core_n80_r2_70_clear","clear",80,"core","significant","completed",80,60,100,100
"lm_ancova_v2_core_n80_r2_70_clear","clear",80,"core","significant","completed",67,36,98,100
"lm_ancova_v2_core_n80_r2_70_clear","clear",80,"core","significant","completed",82,64,100,100
"lm_ancova_v2_core_n80_r2_70_clear","clear",80,"core","significant","completed",64,36,92,100
"lm_ancova_v2_core_n80_r2_70_clear","clear",80,"core","significant","completed",59,24,94,100
"lm_ancova_v2_core_n80_r2_70_clear","clear",80,"core","significant","completed",47,16,78,100
"lm_ancova_v2_core_n80_r2_70_clear","clear",80,"core","significant","completed",76,52,100,100
"lm_ancova_v2_core_n80_r2_70_clear","clear",80,"core","significant","completed",51,24,78,100
"lm_ancova_v2_core_n80_r2_70_clear","clear",80,"core","significant","completed",60,24,96,100
"lm_ancova_v2_core_n80_r2_70_clear","clear",80,"core","significant","completed",59,28,90,100
"lm_ancova_v2_core_n80_r2_70_clear","clear",80,"core","significant","completed",55,28,82,100
"lm_ancova_v2_core_n80_r2_70_clear","clear",80,"core","significant","completed",37,12,62,100
"lm_ancova_v2_core_n80_r2_70_clear","clear",80,"core","significant","completed",57,24,90,100
"lm_ancova_v2_core_n80_r2_70_clear","clear",80,"core","significant","completed",59,28,90,100
"lm_ancova_v2_core_n80_r2_70_clear","clear",80,"core","significant","completed",52,16,88,100
"lm_ancova_v2_core_n80_r2_70_clear","clear",80,"core","significant","completed",41,12,70,100
"lm_ancova_v2_core_n80_r2_70_clear","clear",80,"core","significant","completed",69,40,98,100
"lm_ancova_v2_core_n80_r2_70_clear","clear",80,"core","significant","completed",43,12,74,100
"lm_ancova_v2_core_n80_r2_70_clear","clear",80,"core","significant","completed",66,36,96,100
"lm_ancova_v2_core_n80_r2_70_clear","clear",80,"core","significant","completed",34,8,60,100
"lm_ancova_v2_core_n80_r2_70_clear","clear",80,"core","significant","completed",25,4,46,91.25
"lm_ancova_v2_core_n80_r2_70_clear","clear",80,"core","significant","completed",52,20,84,100
"lm_ancova_v2_core_n80_r2_70_clear","clear",80,"core","significant","completed",50,16,84,100
"lm_ancova_v2_core_n80_r2_70_clear","clear",80,"core","significant","completed",49,20,78,100
"lm_ancova_v2_core_n80_r2_70_clear","clear",80,"core","significant","completed",54,20,88,100
"lm_ancova_v2_core_n80_r2_70_clear","clear",80,"core","significant","completed",53,20,86,100
"lm_ancova_v2_core_n80_r2_70_clear","clear",80,"core","significant","completed",65,36,94,100
"lm_ancova_v2_core_n80_r2_70_clear","clear",80,"core","significant","completed",74,48,100,100
"lm_ancova_v2_core_n80_r2_70_clear","clear",80,"core","significant","completed",54,24,84,100
"lm_ancova_v2_core_n80_r2_70_clear","clear",80,"core","significant","completed",74,48,100,100
"lm_ancova_v2_core_n80_r2_70_clear","clear",80,"core","significant","completed",52,12,92,100
"lm_ancova_v2_core_n80_r2_70_clear","clear",80,"core","significant","completed",78,56,100,100
"lm_ancova_v2_core_n80_r2_70_clear","clear",80,"core","significant","completed",47,16,78,100
"lm_ancova_v2_core_n80_r2_70_clear","clear",80,"core","significant","completed",64,32,96,100
"lm_ancova_v2_core_n80_r2_70_clear","clear",80,"core","significant","completed",53,24,82,100
"lm_ancova_v2_core_n80_r2_70_clear","clear",80,"core","significant","completed",27,4,50,98.75
"lm_ancova_v2_core_n80_r2_70_clear","clear",80,"core","significant","completed",52,24,80,100
"lm_ancova_v2_core_n80_r2_70_clear","clear",80,"core","significant","completed",64,32,96,100
"lm_ancova_v2_core_n80_r2_70_clear","clear",80,"core","significant","completed",53,20,86,100
"lm_ancova_v2_core_n80_r2_70_clear","clear",80,"core","significant","completed",50,16,84,100
"lm_ancova_v2_core_n80_r2_70_clear","clear",80,"core","significant","completed",33,4,62,81.25
"lm_ancova_v2_core_n80_r2_70_clear","clear",80,"core","significant","completed",28,4,52,73.75
"lm_ancova_v2_core_n80_r2_70_clear","clear",80,"core","significant","completed",51,16,86,100
"lm_ancova_v2_core_n80_r2_70_clear","clear",80,"core","significant","completed",72,44,100,100
"lm_ancova_v2_core_n80_r2_70_clear","clear",80,"core","significant","completed",72,44,100,100
"lm_ancova_v2_core_n80_r2_70_clear","clear",80,"core","significant","completed",49,16,82,100
"lm_ancova_v2_core_n80_r2_70_clear","clear",80,"core","significant","completed",40,12,68,100
"lm_ancova_v2_core_n80_r2_70_clear","clear",80,"core","significant","completed",76,52,100,100
"lm_ancova_v2_core_n80_r2_70_clear","clear",80,"core","significant","completed",79,60,98,100
"lm_ancova_v2_core_n80_r2_70_clear","clear",80,"core","significant","completed",46,12,80,100
"lm_ancova_v2_core_n80_r2_70_clear","clear",80,"core","significant","completed",84,68,100,100
"lm_ancova_v2_core_n80_r2_70_clear","clear",80,"core","significant","completed",66,36,96,100
"lm_ancova_v2_core_n80_r2_70_clear","clear",80,"core","significant","completed",48,20,76,100
"lm_ancova_v2_core_n80_r2_70_clear","clear",80,"core","significant","completed",55,24,86,100
"lm_ancova_v2_core_n80_r2_70_clear","clear",80,"core","significant","completed",78,56,100,100
"lm_ancova_v2_core_n80_r2_70_clear","clear",80,"core","significant","completed",24,4,44,95
"lm_ancova_v2_core_n80_r2_70_clear","clear",80,"core","significant","completed",75,52,98,100
"lm_ancova_v2_core_n80_r2_70_clear","clear",80,"core","significant","completed",72,48,96,100
"lm_ancova_v2_core_n80_r2_70_clear","clear",80,"core","significant","completed",52,20,84,100
"lm_ancova_v2_core_n80_r2_70_clear","clear",80,"core","significant","completed",67,40,94,100
"lm_ancova_v2_core_n80_r2_70_clear","clear",80,"core","significant","completed",63,32,94,100
"lm_ancova_v2_core_n80_r2_70_clear","clear",80,"core","significant","completed",49,16,82,100
"lm_ancova_v2_core_n80_r2_70_clear","clear",80,"core","significant","completed",53,24,82,100
"lm_ancova_v2_core_n80_r2_70_clear","clear",80,"core","significant","completed",62,32,92,100
"lm_ancova_v2_core_n80_r2_70_clear","clear",80,"core","significant","completed",41,12,70,100
"lm_ancova_v2_core_n80_r2_70_clear","clear",80,"core","significant","completed",67,40,94,100
"lm_ancova_v2_core_n80_r2_70_null","null",80,"core","significant","completed",35,4,66,83.75
"lm_ancova_v2_core_n80_r2_70_null","null",80,"core","significant","completed",45,12,78,100
"lm_ancova_v2_core_n80_r2_70_null","null",80,"core","significant","completed",30,4,56,75
"lm_ancova_v2_core_n80_r2_70_null","null",80,"core","significant","completed",28,4,52,61.25
"lm_ancova_v2_core_n80_r2_70_null","null",80,"core","significant","completed",50,16,84,100
"lm_ancova_v2_core_n80_r2_70_null","null",80,"core","significant","completed",42,12,72,100
"lm_ancova_v2_core_n80_r2_70_null","null",80,"core","significant","completed",30,4,56,80
"lm_ancova_v2_core_n80_r2_70_null","null",80,"core","significant","completed",38,8,68,100
